"table_schema","table_name","ordinal_position","column_name","data_type","is_nullable","character_maximum_length","numeric_precision","numeric_scale"
"public","auth_group",1,"id","integer","NO",NULL,32,0
"public","auth_group",2,"name","character varying","NO",80,NULL,NULL
"public","auth_group_permissions",1,"id","integer","NO",NULL,32,0
"public","auth_group_permissions",2,"group_id","integer","NO",NULL,32,0
"public","auth_group_permissions",3,"permission_id","integer","NO",NULL,32,0
"public","auth_permission",1,"id","integer","NO",NULL,32,0
"public","auth_permission",2,"name","character varying","NO",255,NULL,NULL
"public","auth_permission",3,"content_type_id","integer","NO",NULL,32,0
"public","auth_permission",4,"codename","character varying","NO",100,NULL,NULL
"public","auth_user",1,"id","integer","NO",NULL,32,0
"public","auth_user",2,"password","character varying","NO",128,NULL,NULL
"public","auth_user",3,"last_login","timestamp with time zone","YES",NULL,NULL,NULL
"public","auth_user",4,"is_superuser","boolean","NO",NULL,NULL,NULL
"public","auth_user",5,"username","character varying","NO",30,NULL,NULL
"public","auth_user",6,"first_name","character varying","NO",30,NULL,NULL
"public","auth_user",7,"last_name","character varying","NO",30,NULL,NULL
"public","auth_user",8,"email","character varying","NO",254,NULL,NULL
"public","auth_user",9,"is_staff","boolean","NO",NULL,NULL,NULL
"public","auth_user",10,"is_active","boolean","NO",NULL,NULL,NULL
"public","auth_user",11,"date_joined","timestamp with time zone","NO",NULL,NULL,NULL
"public","auth_user_groups",1,"id","integer","NO",NULL,32,0
"public","auth_user_groups",2,"user_id","integer","NO",NULL,32,0
"public","auth_user_groups",3,"group_id","integer","NO",NULL,32,0
"public","auth_user_user_permissions",1,"id","integer","NO",NULL,32,0
"public","auth_user_user_permissions",2,"user_id","integer","NO",NULL,32,0
"public","auth_user_user_permissions",3,"permission_id","integer","NO",NULL,32,0
"public","blog_blogcategory",1,"slug","character varying","YES",2000,NULL,NULL
"public","blog_blogcategory",2,"id","integer","NO",NULL,32,0
"public","blog_blogcategory",3,"title","character varying","NO",500,NULL,NULL
"public","blog_blogcategory",4,"site_id","integer","NO",NULL,32,0
"public","blog_blogpost",1,"status","integer","NO",NULL,32,0
"public","blog_blogpost",2,"description","text","NO",NULL,NULL,NULL
"public","blog_blogpost",3,"title","character varying","NO",500,NULL,NULL
"public","blog_blogpost",4,"short_url","character varying","YES",200,NULL,NULL
"public","blog_blogpost",5,"id","integer","NO",NULL,32,0
"public","blog_blogpost",6,"content","text","NO",NULL,NULL,NULL
"public","blog_blogpost",7,"expiry_date","timestamp with time zone","YES",NULL,NULL,NULL
"public","blog_blogpost",8,"publish_date","timestamp with time zone","YES",NULL,NULL,NULL
"public","blog_blogpost",9,"user_id","integer","NO",NULL,32,0
"public","blog_blogpost",10,"slug","character varying","YES",2000,NULL,NULL
"public","blog_blogpost",11,"comments_count","integer","NO",NULL,32,0
"public","blog_blogpost",12,"keywords_string","character varying","NO",500,NULL,NULL
"public","blog_blogpost",13,"site_id","integer","NO",NULL,32,0
"public","blog_blogpost",14,"rating_average","double precision","NO",NULL,53,NULL
"public","blog_blogpost",15,"rating_count","integer","NO",NULL,32,0
"public","blog_blogpost",16,"allow_comments","boolean","NO",NULL,NULL,NULL
"public","blog_blogpost",17,"featured_image","character varying","YES",255,NULL,NULL
"public","blog_blogpost",18,"gen_description","boolean","NO",NULL,NULL,NULL
"public","blog_blogpost",19,"_meta_title","character varying","YES",500,NULL,NULL
"public","blog_blogpost",20,"in_sitemap","boolean","NO",NULL,NULL,NULL
"public","blog_blogpost",21,"rating_sum","integer","NO",NULL,32,0
"public","blog_blogpost",22,"created","timestamp with time zone","YES",NULL,NULL,NULL
"public","blog_blogpost",23,"updated","timestamp with time zone","YES",NULL,NULL,NULL
"public","blog_blogpost_categories",1,"id","integer","NO",NULL,32,0
"public","blog_blogpost_categories",2,"blogpost_id","integer","NO",NULL,32,0
"public","blog_blogpost_categories",3,"blogcategory_id","integer","NO",NULL,32,0
"public","blog_blogpost_related_posts",1,"id","integer","NO",NULL,32,0
"public","blog_blogpost_related_posts",2,"from_blogpost_id","integer","NO",NULL,32,0
"public","blog_blogpost_related_posts",3,"to_blogpost_id","integer","NO",NULL,32,0
"public","conf_setting",1,"id","integer","NO",NULL,32,0
"public","conf_setting",2,"value","character varying","NO",2000,NULL,NULL
"public","conf_setting",3,"name","character varying","NO",50,NULL,NULL
"public","conf_setting",4,"site_id","integer","NO",NULL,32,0
"public","core_sitepermission",1,"id","integer","NO",NULL,32,0
"public","core_sitepermission",2,"user_id","integer","NO",NULL,32,0
"public","core_sitepermission_sites",1,"id","integer","NO",NULL,32,0
"public","core_sitepermission_sites",2,"sitepermission_id","integer","NO",NULL,32,0
"public","core_sitepermission_sites",3,"site_id","integer","NO",NULL,32,0
"public","digipal_allograph",1,"id","integer","NO",NULL,32,0
"public","digipal_allograph",2,"name","character varying","NO",128,NULL,NULL
"public","digipal_allograph",3,"character_id","integer","NO",NULL,32,0
"public","digipal_allograph",4,"default","boolean","NO",NULL,NULL,NULL
"public","digipal_allograph",5,"created","timestamp with time zone","NO",NULL,NULL,NULL
"public","digipal_allograph",6,"modified","timestamp with time zone","NO",NULL,NULL,NULL
"public","digipal_allograph",7,"hidden","boolean","NO",NULL,NULL,NULL
"public","digipal_allograph",8,"illustration","character varying","YES",100,NULL,NULL
"public","digipal_allograph_aspects",1,"id","integer","NO",NULL,32,0
"public","digipal_allograph_aspects",2,"allograph_id","integer","NO",NULL,32,0
"public","digipal_allograph_aspects",3,"aspect_id","integer","NO",NULL,32,0
"public","digipal_allographcomponent",1,"id","integer","NO",NULL,32,0
"public","digipal_allographcomponent",2,"allograph_id","integer","NO",NULL,32,0
"public","digipal_allographcomponent",3,"component_id","integer","NO",NULL,32,0
"public","digipal_allographcomponent",4,"created","timestamp with time zone","NO",NULL,NULL,NULL
"public","digipal_allographcomponent",5,"modified","timestamp with time zone","NO",NULL,NULL,NULL
"public","digipal_allographcomponent_features",1,"id","integer","NO",NULL,32,0
"public","digipal_allographcomponent_features",2,"allographcomponent_id","integer","NO",NULL,32,0
"public","digipal_allographcomponent_features",3,"feature_id","integer","NO",NULL,32,0
"public","digipal_alphabet",1,"id","integer","NO",NULL,32,0
"public","digipal_alphabet",2,"name","character varying","NO",128,NULL,NULL
"public","digipal_alphabet",3,"created","timestamp with time zone","NO",NULL,NULL,NULL
"public","digipal_alphabet",4,"modified","timestamp with time zone","NO",NULL,NULL,NULL
"public","digipal_alphabet_hands",1,"id","integer","NO",NULL,32,0
"public","digipal_alphabet_hands",2,"alphabet_id","integer","NO",NULL,32,0
"public","digipal_alphabet_hands",3,"hand_id","integer","NO",NULL,32,0
"public","digipal_alphabet_ontographs",1,"id","integer","NO",NULL,32,0
"public","digipal_alphabet_ontographs",2,"alphabet_id","integer","NO",NULL,32,0
"public","digipal_alphabet_ontographs",3,"ontograph_id","integer","NO",NULL,32,0
"public","digipal_annotation",1,"id","integer","NO",NULL,32,0
"public","digipal_annotation",2,"image_id","integer","NO",NULL,32,0
"public","digipal_annotation",3,"cutout","character varying","YES",256,NULL,NULL
"public","digipal_annotation",4,"status_id","integer","YES",NULL,32,0
"public","digipal_annotation",5,"before_id","integer","YES",NULL,32,0
"public","digipal_annotation",6,"graph_id","integer","YES",NULL,32,0
"public","digipal_annotation",7,"after_id","integer","YES",NULL,32,0
"public","digipal_annotation",8,"vector_id","text","NO",NULL,NULL,NULL
"public","digipal_annotation",9,"geo_json","text","NO",NULL,NULL,NULL
"public","digipal_annotation",10,"display_note","text","YES",NULL,NULL,NULL
"public","digipal_annotation",11,"internal_note","text","YES",NULL,NULL,NULL
"public","digipal_annotation",12,"author_id","integer","NO",NULL,32,0
"public","digipal_annotation",13,"created","timestamp with time zone","NO",NULL,NULL,NULL
"public","digipal_annotation",14,"modified","timestamp with time zone","NO",NULL,NULL,NULL
"public","digipal_annotation",15,"rotation","double precision","NO",NULL,53,NULL
"public","digipal_annotation",16,"holes","character varying","YES",1000,NULL,NULL
"public","digipal_annotation",17,"clientid","character varying","YES",24,NULL,NULL
"public","digipal_annotation",18,"type","character varying","YES",15,NULL,NULL
"public","digipal_annotation",19,"illustration_ductus","character varying","YES",100,NULL,NULL
"public","digipal_apitransform",1,"id","integer","NO",NULL,32,0
"public","digipal_apitransform",2,"title","character varying","NO",30,NULL,NULL
"public","digipal_apitransform",3,"slug","character varying","NO",30,NULL,NULL
"public","digipal_apitransform",4,"template","text","YES",NULL,NULL,NULL
"public","digipal_apitransform",5,"description","text","YES",NULL,NULL,NULL
"public","digipal_apitransform",6,"created","timestamp with time zone","NO",NULL,NULL,NULL
"public","digipal_apitransform",7,"modified","timestamp with time zone","NO",NULL,NULL,NULL
"public","digipal_apitransform",8,"mimetype","character varying","NO",30,NULL,NULL
"public","digipal_apitransform",9,"sample_request","character varying","YES",200,NULL,NULL
"public","digipal_apitransform",10,"webpage","boolean","NO",NULL,NULL,NULL
"public","digipal_appearance",1,"id","integer","NO",NULL,32,0
"public","digipal_appearance",2,"legacy_id","integer","YES",NULL,32,0
"public","digipal_appearance",3,"text","character varying","NO",128,NULL,NULL
"public","digipal_appearance",4,"sort_order","integer","NO",NULL,32,0
"public","digipal_appearance",5,"description","character varying","NO",128,NULL,NULL
"public","digipal_appearance",6,"created","timestamp with time zone","NO",NULL,NULL,NULL
"public","digipal_appearance",7,"modified","timestamp with time zone","NO",NULL,NULL,NULL
"public","digipal_archive",1,"id","integer","NO",NULL,32,0
"public","digipal_archive",2,"legacy_id","integer","YES",NULL,32,0
"public","digipal_archive",3,"content_type_id","integer","NO",NULL,32,0
"public","digipal_archive",4,"object_id","integer","NO",NULL,32,0
"public","digipal_archive",5,"historical_item_id","integer","NO",NULL,32,0
"public","digipal_archive",6,"dubitable","boolean","YES",NULL,NULL,NULL
"public","digipal_archive",7,"created","timestamp with time zone","NO",NULL,NULL,NULL
"public","digipal_archive",8,"modified","timestamp with time zone","NO",NULL,NULL,NULL
"public","digipal_aspect",1,"id","integer","NO",NULL,32,0
"public","digipal_aspect",2,"name","character varying","NO",128,NULL,NULL
"public","digipal_aspect",3,"created","timestamp with time zone","NO",NULL,NULL,NULL
"public","digipal_aspect",4,"modified","timestamp with time zone","NO",NULL,NULL,NULL
"public","digipal_aspect_features",1,"id","integer","NO",NULL,32,0
"public","digipal_aspect_features",2,"aspect_id","integer","NO",NULL,32,0
"public","digipal_aspect_features",3,"feature_id","integer","NO",NULL,32,0
"public","digipal_authenticitycategory",1,"id","integer","NO",NULL,32,0
"public","digipal_authenticitycategory",2,"name","character varying","NO",100,NULL,NULL
"public","digipal_authenticitycategory",3,"slug","character varying","NO",100,NULL,NULL
"public","digipal_authenticitycategory",4,"created","timestamp with time zone","NO",NULL,NULL,NULL
"public","digipal_authenticitycategory",5,"modified","timestamp with time zone","NO",NULL,NULL,NULL
"public","digipal_carouselitem",1,"id","integer","NO",NULL,32,0
"public","digipal_carouselitem",2,"link","character varying","YES",200,NULL,NULL
"public","digipal_carouselitem",3,"image","character varying","YES",200,NULL,NULL
"public","digipal_carouselitem",4,"image_alt","character varying","YES",300,NULL,NULL
"public","digipal_carouselitem",5,"image_title","character varying","YES",300,NULL,NULL
"public","digipal_carouselitem",6,"sort_order","integer","NO",NULL,32,0
"public","digipal_carouselitem",7,"title","character varying","NO",300,NULL,NULL
"public","digipal_carouselitem",8,"created","timestamp with time zone","NO",NULL,NULL,NULL
"public","digipal_carouselitem",9,"modified","timestamp with time zone","NO",NULL,NULL,NULL
"public","digipal_carouselitem",10,"image_file","character varying","YES",100,NULL,NULL
"public","digipal_cataloguenumber",1,"id","integer","NO",NULL,32,0
"public","digipal_cataloguenumber",2,"historical_item_id","integer","YES",NULL,32,0
"public","digipal_cataloguenumber",3,"source_id","integer","NO",NULL,32,0
"public","digipal_cataloguenumber",4,"number","character varying","NO",100,NULL,NULL
"public","digipal_cataloguenumber",5,"created","timestamp with time zone","NO",NULL,NULL,NULL
"public","digipal_cataloguenumber",6,"modified","timestamp with time zone","NO",NULL,NULL,NULL
"public","digipal_cataloguenumber",7,"text_id","integer","YES",NULL,32,0
"public","digipal_cataloguenumber",8,"url","character varying","YES",200,NULL,NULL
"public","digipal_cataloguenumber",9,"number_slug","character varying","YES",100,NULL,NULL
"public","digipal_category",1,"id","integer","NO",NULL,32,0
"public","digipal_category",2,"name","character varying","NO",128,NULL,NULL
"public","digipal_category",3,"sort_order","integer","YES",NULL,32,0
"public","digipal_category",4,"created","timestamp with time zone","NO",NULL,NULL,NULL
"public","digipal_category",5,"modified","timestamp with time zone","NO",NULL,NULL,NULL
"public","digipal_character",1,"id","integer","NO",NULL,32,0
"public","digipal_character",2,"name","character varying","NO",128,NULL,NULL
"public","digipal_character",3,"unicode_point","character varying","YES",32,NULL,NULL
"public","digipal_character",4,"ontograph_id","integer","NO",NULL,32,0
"public","digipal_character",5,"created","timestamp with time zone","NO",NULL,NULL,NULL
"public","digipal_character",6,"modified","timestamp with time zone","NO",NULL,NULL,NULL
"public","digipal_character",7,"form_id","integer","NO",NULL,32,0
"public","digipal_character_components",1,"id","integer","NO",NULL,32,0
"public","digipal_character_components",2,"character_id","integer","NO",NULL,32,0
"public","digipal_character_components",3,"component_id","integer","NO",NULL,32,0
"public","digipal_characterform",1,"id","integer","NO",NULL,32,0
"public","digipal_characterform",2,"name","character varying","NO",128,NULL,NULL
"public","digipal_collation",1,"id","integer","NO",NULL,32,0
"public","digipal_collation",2,"historical_item_id","integer","NO",NULL,32,0
"public","digipal_collation",3,"fragment","boolean","YES",NULL,NULL,NULL
"public","digipal_collation",4,"leaves","integer","YES",NULL,32,0
"public","digipal_collation",5,"front_flyleaves","integer","YES",NULL,32,0
"public","digipal_collation",6,"back_flyleaves","integer","YES",NULL,32,0
"public","digipal_collation",7,"created","timestamp with time zone","NO",NULL,NULL,NULL
"public","digipal_collation",8,"modified","timestamp with time zone","NO",NULL,NULL,NULL
"public","digipal_component",1,"id","integer","NO",NULL,32,0
"public","digipal_component",2,"name","character varying","NO",128,NULL,NULL
"public","digipal_component",3,"created","timestamp with time zone","NO",NULL,NULL,NULL
"public","digipal_component",4,"modified","timestamp with time zone","NO",NULL,NULL,NULL
"public","digipal_component_features",1,"id","integer","NO",NULL,32,0
"public","digipal_component_features",2,"component_id","integer","NO",NULL,32,0
"public","digipal_component_features",3,"feature_id","integer","NO",NULL,32,0
"public","digipal_component_features",4,"set_by_default","boolean","NO",NULL,NULL,NULL
"public","digipal_component_features",5,"created","timestamp with time zone","NO",NULL,NULL,NULL
"public","digipal_component_features",6,"modified","timestamp with time zone","NO",NULL,NULL,NULL
"public","digipal_contentattribution",1,"id","integer","NO",NULL,32,0
"public","digipal_contentattribution",2,"title","character varying","NO",128,NULL,NULL
"public","digipal_contentattribution",3,"message","text","YES",NULL,NULL,NULL
"public","digipal_contentattribution",4,"created","timestamp with time zone","NO",NULL,NULL,NULL
"public","digipal_contentattribution",5,"modified","timestamp with time zone","NO",NULL,NULL,NULL
"public","digipal_contentattribution",6,"short_message","text","YES",NULL,NULL,NULL
"public","digipal_county",1,"id","integer","NO",NULL,32,0
"public","digipal_county",2,"legacy_id","integer","YES",NULL,32,0
"public","digipal_county",3,"name","character varying","NO",128,NULL,NULL
"public","digipal_county",4,"created","timestamp with time zone","NO",NULL,NULL,NULL
"public","digipal_county",5,"modified","timestamp with time zone","NO",NULL,NULL,NULL
"public","digipal_currentitem",1,"id","integer","NO",NULL,32,0
"public","digipal_currentitem",2,"legacy_id","integer","YES",NULL,32,0
"public","digipal_currentitem",3,"repository_id","integer","NO",NULL,32,0
"public","digipal_currentitem",4,"shelfmark","character varying","NO",128,NULL,NULL
"public","digipal_currentitem",5,"description","text","YES",NULL,NULL,NULL
"public","digipal_currentitem",6,"display_label","character varying","NO",128,NULL,NULL
"public","digipal_currentitem",7,"created","timestamp with time zone","NO",NULL,NULL,NULL
"public","digipal_currentitem",8,"modified","timestamp with time zone","NO",NULL,NULL,NULL
"public","digipal_currentitem_owners",1,"id","integer","NO",NULL,32,0
"public","digipal_currentitem_owners",2,"currentitem_id","integer","NO",NULL,32,0
"public","digipal_currentitem_owners",3,"owner_id","integer","NO",NULL,32,0
"public","digipal_date",1,"id","integer","NO",NULL,32,0
"public","digipal_date",2,"legacy_id","integer","YES",NULL,32,0
"public","digipal_date",3,"date","character varying","NO",128,NULL,NULL
"public","digipal_date",4,"sort_order","integer","YES",NULL,32,0
"public","digipal_date",5,"weight","double precision","NO",NULL,53,NULL
"public","digipal_date",6,"band","integer","YES",NULL,32,0
"public","digipal_date",7,"additional_band","integer","YES",NULL,32,0
"public","digipal_date",8,"post_conquest","boolean","YES",NULL,NULL,NULL
"public","digipal_date",9,"s_xi","boolean","YES",NULL,NULL,NULL
"public","digipal_date",10,"min_weight","double precision","YES",NULL,53,NULL
"public","digipal_date",11,"max_weight","double precision","YES",NULL,53,NULL
"public","digipal_date",12,"created","timestamp with time zone","NO",NULL,NULL,NULL
"public","digipal_date",13,"modified","timestamp with time zone","NO",NULL,NULL,NULL
"public","digipal_date",14,"legacy_reference","character varying","YES",128,NULL,NULL
"public","digipal_date",15,"evidence","character varying","YES",255,NULL,NULL
"public","digipal_dateevidence",1,"id","integer","NO",NULL,32,0
"public","digipal_dateevidence",2,"legacy_id","integer","YES",NULL,32,0
"public","digipal_dateevidence",3,"hand_id","integer","YES",NULL,32,0
"public","digipal_dateevidence",4,"date_id","integer","YES",NULL,32,0
"public","digipal_dateevidence",5,"date_description","character varying","YES",128,NULL,NULL
"public","digipal_dateevidence",6,"reference_id","integer","YES",NULL,32,0
"public","digipal_dateevidence",7,"evidence","text","YES",NULL,NULL,NULL
"public","digipal_dateevidence",8,"created","timestamp with time zone","NO",NULL,NULL,NULL
"public","digipal_dateevidence",9,"modified","timestamp with time zone","NO",NULL,NULL,NULL
"public","digipal_dateevidence",10,"historical_item_id","integer","YES",NULL,32,0
"public","digipal_dateevidence",11,"is_firm_date","boolean","NO",NULL,NULL,NULL
"public","digipal_decoration",1,"id","integer","NO",NULL,32,0
"public","digipal_decoration",2,"historical_item_id","integer","NO",NULL,32,0
"public","digipal_decoration",3,"illustrated","boolean","YES",NULL,NULL,NULL
"public","digipal_decoration",4,"decorated","boolean","YES",NULL,NULL,NULL
"public","digipal_decoration",5,"illuminated","boolean","YES",NULL,NULL,NULL
"public","digipal_decoration",6,"num_colours","integer","YES",NULL,32,0
"public","digipal_decoration",7,"colours","character varying","YES",256,NULL,NULL
"public","digipal_decoration",8,"num_inks","integer","YES",NULL,32,0
"public","digipal_decoration",9,"inks","character varying","YES",256,NULL,NULL
"public","digipal_decoration",10,"style","character varying","YES",256,NULL,NULL
"public","digipal_decoration",11,"description","text","YES",NULL,NULL,NULL
"public","digipal_decoration",12,"catalogue_references","character varying","YES",256,NULL,NULL
"public","digipal_decoration",13,"created","timestamp with time zone","NO",NULL,NULL,NULL
"public","digipal_decoration",14,"modified","timestamp with time zone","NO",NULL,NULL,NULL
"public","digipal_description",1,"id","integer","NO",NULL,32,0
"public","digipal_description",2,"historical_item_id","integer","YES",NULL,32,0
"public","digipal_description",3,"source_id","integer","NO",NULL,32,0
"public","digipal_description",4,"description","text","YES",NULL,NULL,NULL
"public","digipal_description",5,"created","timestamp with time zone","NO",NULL,NULL,NULL
"public","digipal_description",6,"modified","timestamp with time zone","NO",NULL,NULL,NULL
"public","digipal_description",7,"text_id","integer","YES",NULL,32,0
"public","digipal_description",8,"comments","text","YES",NULL,NULL,NULL
"public","digipal_description",9,"summary","character varying","YES",256,NULL,NULL
"public","digipal_feature",1,"id","integer","NO",NULL,32,0
"public","digipal_feature",2,"name","character varying","NO",32,NULL,NULL
"public","digipal_feature",3,"created","timestamp with time zone","NO",NULL,NULL,NULL
"public","digipal_feature",4,"modified","timestamp with time zone","NO",NULL,NULL,NULL
"public","digipal_format",1,"id","integer","NO",NULL,32,0
"public","digipal_format",2,"legacy_id","integer","YES",NULL,32,0
"public","digipal_format",3,"name","character varying","NO",128,NULL,NULL
"public","digipal_format",4,"created","timestamp with time zone","NO",NULL,NULL,NULL
"public","digipal_format",5,"modified","timestamp with time zone","NO",NULL,NULL,NULL
"public","digipal_graph",1,"id","integer","NO",NULL,32,0
"public","digipal_graph",2,"idiograph_id","integer","NO",NULL,32,0
"public","digipal_graph",3,"hand_id","integer","NO",NULL,32,0
"public","digipal_graph",4,"display_label","character varying","NO",256,NULL,NULL
"public","digipal_graph",5,"created","timestamp with time zone","NO",NULL,NULL,NULL
"public","digipal_graph",6,"modified","timestamp with time zone","NO",NULL,NULL,NULL
"public","digipal_graph",7,"group_id","integer","YES",NULL,32,0
"public","digipal_graph_aspects",1,"id","integer","NO",NULL,32,0
"public","digipal_graph_aspects",2,"graph_id","integer","NO",NULL,32,0
"public","digipal_graph_aspects",3,"aspect_id","integer","NO",NULL,32,0
"public","digipal_graphcomponent",1,"id","integer","NO",NULL,32,0
"public","digipal_graphcomponent",2,"graph_id","integer","NO",NULL,32,0
"public","digipal_graphcomponent",3,"component_id","integer","NO",NULL,32,0
"public","digipal_graphcomponent",4,"created","timestamp with time zone","NO",NULL,NULL,NULL
"public","digipal_graphcomponent",5,"modified","timestamp with time zone","NO",NULL,NULL,NULL
"public","digipal_graphcomponent_features",1,"id","integer","NO",NULL,32,0
"public","digipal_graphcomponent_features",2,"graphcomponent_id","integer","NO",NULL,32,0
"public","digipal_graphcomponent_features",3,"feature_id","integer","NO",NULL,32,0
"public","digipal_hair",1,"id","integer","NO",NULL,32,0
"public","digipal_hair",2,"legacy_id","integer","YES",NULL,32,0
"public","digipal_hair",3,"label","character varying","NO",128,NULL,NULL
"public","digipal_hair",4,"created","timestamp with time zone","NO",NULL,NULL,NULL
"public","digipal_hair",5,"modified","timestamp with time zone","NO",NULL,NULL,NULL
"public","digipal_hand",1,"id","integer","NO",NULL,32,0
"public","digipal_hand",2,"legacy_id","integer","YES",NULL,32,0
"public","digipal_hand",3,"num","integer","NO",NULL,32,0
"public","digipal_hand",4,"item_part_id","integer","NO",NULL,32,0
"public","digipal_hand",5,"script_id","integer","YES",NULL,32,0
"public","digipal_hand",6,"scribe_id","integer","YES",NULL,32,0
"public","digipal_hand",7,"assigned_date_id","integer","YES",NULL,32,0
"public","digipal_hand",8,"assigned_place_id","integer","YES",NULL,32,0
"public","digipal_hand",9,"scragg","character varying","YES",6,NULL,NULL
"public","digipal_hand",10,"em_title","character varying","YES",256,NULL,NULL
"public","digipal_hand",11,"label","text","YES",NULL,NULL,NULL
"public","digipal_hand",12,"display_note","text","YES",NULL,NULL,NULL
"public","digipal_hand",13,"internal_note","text","YES",NULL,NULL,NULL
"public","digipal_hand",14,"appearance_id","integer","YES",NULL,32,0
"public","digipal_hand",15,"relevant","boolean","YES",NULL,NULL,NULL
"public","digipal_hand",16,"latin_only","boolean","YES",NULL,NULL,NULL
"public","digipal_hand",17,"gloss_only","boolean","YES",NULL,NULL,NULL
"public","digipal_hand",18,"membra_disjecta","boolean","YES",NULL,NULL,NULL
"public","digipal_hand",19,"num_glosses","integer","YES",NULL,32,0
"public","digipal_hand",20,"num_glossing_hands","integer","YES",NULL,32,0
"public","digipal_hand",21,"glossed_text_id","integer","YES",NULL,32,0
"public","digipal_hand",22,"scribble_only","boolean","YES",NULL,NULL,NULL
"public","digipal_hand",23,"imitative","boolean","YES",NULL,NULL,NULL
"public","digipal_hand",24,"latin_style_id","integer","YES",NULL,32,0
"public","digipal_hand",25,"comments","text","YES",NULL,NULL,NULL
"public","digipal_hand",26,"display_label","character varying","NO",128,NULL,NULL
"public","digipal_hand",27,"created","timestamp with time zone","NO",NULL,NULL,NULL
"public","digipal_hand",28,"modified","timestamp with time zone","NO",NULL,NULL,NULL
"public","digipal_hand",29,"locus","character varying","YES",300,NULL,NULL
"public","digipal_hand",30,"surrogates","character varying","YES",50,NULL,NULL
"public","digipal_hand",31,"selected_locus","character varying","YES",100,NULL,NULL
"public","digipal_hand",32,"stewart_record_id","integer","YES",NULL,32,0
"public","digipal_hand",33,"ker","character varying","YES",10,NULL,NULL
"public","digipal_hand_images",1,"id","integer","NO",NULL,32,0
"public","digipal_hand_images",2,"hand_id","integer","NO",NULL,32,0
"public","digipal_hand_images",3,"image_id","integer","NO",NULL,32,0
"public","digipal_handdescription",1,"id","integer","NO",NULL,32,0
"public","digipal_handdescription",2,"hand_id","integer","YES",NULL,32,0
"public","digipal_handdescription",3,"source_id","integer","YES",NULL,32,0
"public","digipal_handdescription",4,"description","text","NO",NULL,NULL,NULL
"public","digipal_handdescription",5,"created","timestamp with time zone","NO",NULL,NULL,NULL
"public","digipal_handdescription",6,"modified","timestamp with time zone","NO",NULL,NULL,NULL
"public","digipal_handdescription",7,"label","character varying","YES",64,NULL,NULL
"public","digipal_historicalitem",1,"id","integer","NO",NULL,32,0
"public","digipal_historicalitem",2,"legacy_id","integer","YES",NULL,32,0
"public","digipal_historicalitem",3,"historical_item_type_id","integer","NO",NULL,32,0
"public","digipal_historicalitem",4,"historical_item_format_id","integer","YES",NULL,32,0
"public","digipal_historicalitem",5,"date","character varying","YES",128,NULL,NULL
"public","digipal_historicalitem",6,"name","character varying","YES",256,NULL,NULL
"public","digipal_historicalitem",7,"hair_id","integer","YES",NULL,32,0
"public","digipal_historicalitem",8,"language_id","integer","YES",NULL,32,0
"public","digipal_historicalitem",9,"url","character varying","YES",200,NULL,NULL
"public","digipal_historicalitem",10,"vernacular","boolean","YES",NULL,NULL,NULL
"public","digipal_historicalitem",11,"neumed","boolean","YES",NULL,NULL,NULL
"public","digipal_historicalitem",12,"catalogue_number","character varying","NO",128,NULL,NULL
"public","digipal_historicalitem",13,"display_label","character varying","NO",128,NULL,NULL
"public","digipal_historicalitem",14,"created","timestamp with time zone","NO",NULL,NULL,NULL
"public","digipal_historicalitem",15,"modified","timestamp with time zone","NO",NULL,NULL,NULL
"public","digipal_historicalitem",16,"legacy_reference","character varying","YES",128,NULL,NULL
"public","digipal_historicalitem",17,"date_sort","character varying","YES",128,NULL,NULL
"public","digipal_historicalitem_categories",1,"id","integer","NO",NULL,32,0
"public","digipal_historicalitem_categories",2,"historicalitem_id","integer","NO",NULL,32,0
"public","digipal_historicalitem_categories",3,"category_id","integer","NO",NULL,32,0
"public","digipal_historicalitem_owners",1,"id","integer","NO",NULL,32,0
"public","digipal_historicalitem_owners",2,"historicalitem_id","integer","NO",NULL,32,0
"public","digipal_historicalitem_owners",3,"owner_id","integer","NO",NULL,32,0
"public","digipal_historicalitemdate",1,"id","integer","NO",NULL,32,0
"public","digipal_historicalitemdate",2,"legacy_id","integer","YES",NULL,32,0
"public","digipal_historicalitemdate",3,"historical_item_id","integer","NO",NULL,32,0
"public","digipal_historicalitemdate",4,"date_id","integer","NO",NULL,32,0
"public","digipal_historicalitemdate",5,"evidence","text","NO",NULL,NULL,NULL
"public","digipal_historicalitemdate",6,"vernacular","boolean","YES",NULL,NULL,NULL
"public","digipal_historicalitemdate",7,"addition","boolean","YES",NULL,NULL,NULL
"public","digipal_historicalitemdate",8,"dubitable","boolean","YES",NULL,NULL,NULL
"public","digipal_historicalitemdate",9,"created","timestamp with time zone","NO",NULL,NULL,NULL
"public","digipal_historicalitemdate",10,"modified","timestamp with time zone","NO",NULL,NULL,NULL
"public","digipal_historicalitemtype",1,"id","integer","NO",NULL,32,0
"public","digipal_historicalitemtype",2,"name","character varying","NO",128,NULL,NULL
"public","digipal_historicalitemtype",3,"created","timestamp with time zone","NO",NULL,NULL,NULL
"public","digipal_historicalitemtype",4,"modified","timestamp with time zone","NO",NULL,NULL,NULL
"public","digipal_idiograph",1,"id","integer","NO",NULL,32,0
"public","digipal_idiograph",2,"allograph_id","integer","NO",NULL,32,0
"public","digipal_idiograph",3,"scribe_id","integer","YES",NULL,32,0
"public","digipal_idiograph",4,"display_label","character varying","NO",128,NULL,NULL
"public","digipal_idiograph",5,"created","timestamp with time zone","NO",NULL,NULL,NULL
"public","digipal_idiograph",6,"modified","timestamp with time zone","NO",NULL,NULL,NULL
"public","digipal_idiograph_aspects",1,"id","integer","NO",NULL,32,0
"public","digipal_idiograph_aspects",2,"idiograph_id","integer","NO",NULL,32,0
"public","digipal_idiograph_aspects",3,"aspect_id","integer","NO",NULL,32,0
"public","digipal_idiographcomponent",1,"id","integer","NO",NULL,32,0
"public","digipal_idiographcomponent",2,"idiograph_id","integer","NO",NULL,32,0
"public","digipal_idiographcomponent",3,"component_id","integer","NO",NULL,32,0
"public","digipal_idiographcomponent",4,"created","timestamp with time zone","NO",NULL,NULL,NULL
"public","digipal_idiographcomponent",5,"modified","timestamp with time zone","NO",NULL,NULL,NULL
"public","digipal_idiographcomponent_features",1,"id","integer","NO",NULL,32,0
"public","digipal_idiographcomponent_features",2,"idiographcomponent_id","integer","NO",NULL,32,0
"public","digipal_idiographcomponent_features",3,"feature_id","integer","NO",NULL,32,0
"public","digipal_image",1,"id","integer","NO",NULL,32,0
"public","digipal_image",2,"item_part_id","integer","YES",NULL,32,0
"public","digipal_image",3,"locus","character varying","NO",64,NULL,NULL
"public","digipal_image",4,"caption","character varying","YES",256,NULL,NULL
"public","digipal_image",5,"image","character varying","YES",100,NULL,NULL
"public","digipal_image",6,"display_label","character varying","NO",128,NULL,NULL
"public","digipal_image",7,"created","timestamp with time zone","NO",NULL,NULL,NULL
"public","digipal_image",8,"modified","timestamp with time zone","NO",NULL,NULL,NULL
"public","digipal_image",9,"folio_side","character varying","YES",4,NULL,NULL
"public","digipal_image",10,"folio_number","character varying","YES",8,NULL,NULL
"public","digipal_image",11,"iipimage","character varying","YES",200,NULL,NULL
"public","digipal_image",12,"media_permission_id","integer","YES",NULL,32,0
"public","digipal_image",13,"transcription","text","YES",NULL,NULL,NULL
"public","digipal_image",14,"internal_notes","text","YES",NULL,NULL,NULL
"public","digipal_image",15,"custom_label","character varying","YES",128,NULL,NULL
"public","digipal_image",16,"annotation_status_id","integer","YES",NULL,32,0
"public","digipal_image",17,"width","integer","NO",NULL,32,0
"public","digipal_image",18,"height","integer","NO",NULL,32,0
"public","digipal_image",19,"size","integer","NO",NULL,32,0
"public","digipal_image",20,"keywords_string","character varying","NO",500,NULL,NULL
"public","digipal_image",21,"quire","character varying","YES",10,NULL,NULL
"public","digipal_image",22,"page_boundaries","character varying","YES",100,NULL,NULL
"public","digipal_imageannotationstatus",1,"id","integer","NO",NULL,32,0
"public","digipal_imageannotationstatus",2,"name","character varying","NO",128,NULL,NULL
"public","digipal_imageannotationstatus",3,"created","timestamp with time zone","NO",NULL,NULL,NULL
"public","digipal_imageannotationstatus",4,"modified","timestamp with time zone","NO",NULL,NULL,NULL
"public","digipal_institution",1,"id","integer","NO",NULL,32,0
"public","digipal_institution",2,"legacy_id","integer","YES",NULL,32,0
"public","digipal_institution",3,"institution_type_id","integer","NO",NULL,32,0
"public","digipal_institution",4,"name","character varying","NO",256,NULL,NULL
"public","digipal_institution",5,"founder_id","integer","YES",NULL,32,0
"public","digipal_institution",6,"reformer_id","integer","YES",NULL,32,0
"public","digipal_institution",7,"patron_id","integer","YES",NULL,32,0
"public","digipal_institution",8,"place_id","integer","NO",NULL,32,0
"public","digipal_institution",9,"foundation","character varying","YES",128,NULL,NULL
"public","digipal_institution",10,"refoundation","character varying","YES",128,NULL,NULL
"public","digipal_institution",11,"created","timestamp with time zone","NO",NULL,NULL,NULL
"public","digipal_institution",12,"modified","timestamp with time zone","NO",NULL,NULL,NULL
"public","digipal_institutiontype",1,"id","integer","NO",NULL,32,0
"public","digipal_institutiontype",2,"name","character varying","NO",256,NULL,NULL
"public","digipal_institutiontype",3,"created","timestamp with time zone","NO",NULL,NULL,NULL
"public","digipal_institutiontype",4,"modified","timestamp with time zone","NO",NULL,NULL,NULL
"public","digipal_itemorigin",1,"id","integer","NO",NULL,32,0
"public","digipal_itemorigin",2,"legacy_id","integer","YES",NULL,32,0
"public","digipal_itemorigin",3,"historical_item_id","integer","NO",NULL,32,0
"public","digipal_itemorigin",4,"evidence","text","YES",NULL,NULL,NULL
"public","digipal_itemorigin",5,"dubitable","boolean","YES",NULL,NULL,NULL
"public","digipal_itemorigin",6,"created","timestamp with time zone","NO",NULL,NULL,NULL
"public","digipal_itemorigin",7,"modified","timestamp with time zone","NO",NULL,NULL,NULL
"public","digipal_itemorigin",8,"place_id","integer","YES",NULL,32,0
"public","digipal_itemorigin",9,"institution_id","integer","YES",NULL,32,0
"public","digipal_itempart",1,"id","integer","NO",NULL,32,0
"public","digipal_itempart",2,"current_item_id","integer","YES",NULL,32,0
"public","digipal_itempart",3,"locus","character varying","YES",64,NULL,NULL
"public","digipal_itempart",4,"display_label","character varying","NO",300,NULL,NULL
"public","digipal_itempart",5,"created","timestamp with time zone","NO",NULL,NULL,NULL
"public","digipal_itempart",6,"modified","timestamp with time zone","NO",NULL,NULL,NULL
"public","digipal_itempart",7,"pagination","boolean","NO",NULL,NULL,NULL
"public","digipal_itempart",8,"group_id","integer","YES",NULL,32,0
"public","digipal_itempart",9,"type_id","integer","YES",NULL,32,0
"public","digipal_itempart",10,"group_locus","character varying","YES",64,NULL,NULL
"public","digipal_itempart",11,"notes","text","YES",NULL,NULL,NULL
"public","digipal_itempart",12,"keywords_string","character varying","NO",500,NULL,NULL
"public","digipal_itempart",13,"custom_label","character varying","YES",300,NULL,NULL
"public","digipal_itempart_owners",1,"id","integer","NO",NULL,32,0
"public","digipal_itempart_owners",2,"itempart_id","integer","NO",NULL,32,0
"public","digipal_itempart_owners",3,"owner_id","integer","NO",NULL,32,0
"public","digipal_itempartauthenticity",1,"id","integer","NO",NULL,32,0
"public","digipal_itempartauthenticity",2,"created","timestamp with time zone","NO",NULL,NULL,NULL
"public","digipal_itempartauthenticity",3,"modified","timestamp with time zone","NO",NULL,NULL,NULL
"public","digipal_itempartauthenticity",4,"item_part_id","integer","NO",NULL,32,0
"public","digipal_itempartauthenticity",5,"category_id","integer","NO",NULL,32,0
"public","digipal_itempartauthenticity",6,"source_id","integer","YES",NULL,32,0
"public","digipal_itempartauthenticity",7,"note","text","YES",NULL,NULL,NULL
"public","digipal_itempartitem",1,"id","integer","NO",NULL,32,0
"public","digipal_itempartitem",2,"historical_item_id","integer","NO",NULL,32,0
"public","digipal_itempartitem",3,"item_part_id","integer","NO",NULL,32,0
"public","digipal_itempartitem",4,"locus","character varying","NO",64,NULL,NULL
"public","digipal_itempartitem",5,"created","timestamp with time zone","NO",NULL,NULL,NULL
"public","digipal_itempartitem",6,"modified","timestamp with time zone","NO",NULL,NULL,NULL
"public","digipal_itemparttype",1,"id","integer","NO",NULL,32,0
"public","digipal_itemparttype",2,"name","character varying","NO",128,NULL,NULL
"public","digipal_itemparttype",3,"created","timestamp with time zone","NO",NULL,NULL,NULL
"public","digipal_itemparttype",4,"modified","timestamp with time zone","NO",NULL,NULL,NULL
"public","digipal_keyval",1,"id","integer","NO",NULL,32,0
"public","digipal_keyval",2,"key","character varying","NO",300,NULL,NULL
"public","digipal_keyval",3,"val","text","YES",NULL,NULL,NULL
"public","digipal_keyval",4,"created","timestamp with time zone","NO",NULL,NULL,NULL
"public","digipal_keyval",5,"modified","timestamp with time zone","NO",NULL,NULL,NULL
"public","digipal_language",1,"id","integer","NO",NULL,32,0
"public","digipal_language",2,"legacy_id","integer","YES",NULL,32,0
"public","digipal_language",3,"name","character varying","NO",128,NULL,NULL
"public","digipal_language",4,"created","timestamp with time zone","NO",NULL,NULL,NULL
"public","digipal_language",5,"modified","timestamp with time zone","NO",NULL,NULL,NULL
"public","digipal_latinstyle",1,"id","integer","NO",NULL,32,0
"public","digipal_latinstyle",2,"legacy_id","integer","YES",NULL,32,0
"public","digipal_latinstyle",3,"style","character varying","NO",128,NULL,NULL
"public","digipal_latinstyle",4,"created","timestamp with time zone","NO",NULL,NULL,NULL
"public","digipal_latinstyle",5,"modified","timestamp with time zone","NO",NULL,NULL,NULL
"public","digipal_layout",1,"id","integer","NO",NULL,32,0
"public","digipal_layout",2,"historical_item_id","integer","YES",NULL,32,0
"public","digipal_layout",3,"page_height","integer","YES",NULL,32,0
"public","digipal_layout",4,"page_width","integer","YES",NULL,32,0
"public","digipal_layout",5,"frame_height","integer","YES",NULL,32,0
"public","digipal_layout",6,"frame_width","integer","YES",NULL,32,0
"public","digipal_layout",7,"tramline_width","integer","YES",NULL,32,0
"public","digipal_layout",8,"lines","integer","YES",NULL,32,0
"public","digipal_layout",9,"columns","integer","YES",NULL,32,0
"public","digipal_layout",10,"on_top_line","boolean","YES",NULL,NULL,NULL
"public","digipal_layout",11,"multiple_sheet_rulling","boolean","YES",NULL,NULL,NULL
"public","digipal_layout",12,"bilinear_ruling","boolean","YES",NULL,NULL,NULL
"public","digipal_layout",13,"comments","text","YES",NULL,NULL,NULL
"public","digipal_layout",14,"hair_arrangement_id","integer","YES",NULL,32,0
"public","digipal_layout",15,"insular_pricking","boolean","YES",NULL,NULL,NULL
"public","digipal_layout",16,"created","timestamp with time zone","NO",NULL,NULL,NULL
"public","digipal_layout",17,"modified","timestamp with time zone","NO",NULL,NULL,NULL
"public","digipal_layout",18,"item_part_id","integer","YES",NULL,32,0
"public","digipal_measurement",1,"id","integer","NO",NULL,32,0
"public","digipal_measurement",2,"legacy_id","integer","YES",NULL,32,0
"public","digipal_measurement",3,"label","character varying","NO",128,NULL,NULL
"public","digipal_measurement",4,"created","timestamp with time zone","NO",NULL,NULL,NULL
"public","digipal_measurement",5,"modified","timestamp with time zone","NO",NULL,NULL,NULL
"public","digipal_mediapermission",1,"id","integer","NO",NULL,32,0
"public","digipal_mediapermission",2,"label","character varying","NO",64,NULL,NULL
"public","digipal_mediapermission",3,"display_message","text","NO",NULL,NULL,NULL
"public","digipal_mediapermission",4,"permission","integer","NO",NULL,32,0
"public","digipal_ontograph",1,"id","integer","NO",NULL,32,0
"public","digipal_ontograph",2,"name","character varying","NO",128,NULL,NULL
"public","digipal_ontograph",3,"ontograph_type_id","integer","NO",NULL,32,0
"public","digipal_ontograph",4,"created","timestamp with time zone","NO",NULL,NULL,NULL
"public","digipal_ontograph",5,"modified","timestamp with time zone","NO",NULL,NULL,NULL
"public","digipal_ontograph",6,"nesting_level","integer","NO",NULL,32,0
"public","digipal_ontograph",7,"sort_order","integer","NO",NULL,32,0
"public","digipal_ontographtype",1,"id","integer","NO",NULL,32,0
"public","digipal_ontographtype",2,"name","character varying","NO",128,NULL,NULL
"public","digipal_ontographtype",3,"created","timestamp with time zone","NO",NULL,NULL,NULL
"public","digipal_ontographtype",4,"modified","timestamp with time zone","NO",NULL,NULL,NULL
"public","digipal_owner",1,"id","integer","NO",NULL,32,0
"public","digipal_owner",2,"legacy_id","integer","YES",NULL,32,0
"public","digipal_owner",3,"date","character varying","NO",128,NULL,NULL
"public","digipal_owner",4,"evidence","text","NO",NULL,NULL,NULL
"public","digipal_owner",5,"rebound","boolean","YES",NULL,NULL,NULL
"public","digipal_owner",6,"annotated","boolean","YES",NULL,NULL,NULL
"public","digipal_owner",7,"dubitable","boolean","YES",NULL,NULL,NULL
"public","digipal_owner",8,"created","timestamp with time zone","NO",NULL,NULL,NULL
"public","digipal_owner",9,"modified","timestamp with time zone","NO",NULL,NULL,NULL
"public","digipal_owner",10,"person_id","integer","YES",NULL,32,0
"public","digipal_owner",11,"institution_id","integer","YES",NULL,32,0
"public","digipal_owner",12,"repository_id","integer","YES",NULL,32,0
"public","digipal_owner",13,"display_label","character varying","NO",250,NULL,NULL
"public","digipal_ownertype",1,"id","integer","NO",NULL,32,0
"public","digipal_ownertype",2,"name","character varying","NO",256,NULL,NULL
"public","digipal_ownertype",3,"created","timestamp with time zone","NO",NULL,NULL,NULL
"public","digipal_ownertype",4,"modified","timestamp with time zone","NO",NULL,NULL,NULL
"public","digipal_person",1,"id","integer","NO",NULL,32,0
"public","digipal_person",2,"legacy_id","integer","YES",NULL,32,0
"public","digipal_person",3,"name","character varying","NO",256,NULL,NULL
"public","digipal_person",4,"created","timestamp with time zone","NO",NULL,NULL,NULL
"public","digipal_person",5,"modified","timestamp with time zone","NO",NULL,NULL,NULL
"public","digipal_place",1,"id","integer","NO",NULL,32,0
"public","digipal_place",2,"legacy_id","integer","YES",NULL,32,0
"public","digipal_place",3,"name","character varying","NO",256,NULL,NULL
"public","digipal_place",4,"eastings","double precision","YES",NULL,53,NULL
"public","digipal_place",5,"northings","double precision","YES",NULL,53,NULL
"public","digipal_place",6,"region_id","integer","YES",NULL,32,0
"public","digipal_place",7,"current_county_id","integer","YES",NULL,32,0
"public","digipal_place",8,"historical_county_id","integer","YES",NULL,32,0
"public","digipal_place",9,"created","timestamp with time zone","NO",NULL,NULL,NULL
"public","digipal_place",10,"modified","timestamp with time zone","NO",NULL,NULL,NULL
"public","digipal_place",11,"type_id","integer","YES",NULL,32,0
"public","digipal_place",12,"other_names","character varying","YES",256,NULL,NULL
"public","digipal_placeevidence",1,"id","integer","NO",NULL,32,0
"public","digipal_placeevidence",2,"legacy_id","integer","YES",NULL,32,0
"public","digipal_placeevidence",3,"hand_id","integer","YES",NULL,32,0
"public","digipal_placeevidence",4,"place_id","integer","NO",NULL,32,0
"public","digipal_placeevidence",5,"place_description","character varying","YES",128,NULL,NULL
"public","digipal_placeevidence",6,"reference_id","integer","NO",NULL,32,0
"public","digipal_placeevidence",7,"evidence","text","NO",NULL,NULL,NULL
"public","digipal_placeevidence",8,"created","timestamp with time zone","NO",NULL,NULL,NULL
"public","digipal_placeevidence",9,"modified","timestamp with time zone","NO",NULL,NULL,NULL
"public","digipal_placeevidence",10,"historical_item_id","integer","YES",NULL,32,0
"public","digipal_placeevidence",11,"written_as","character varying","YES",128,NULL,NULL
"public","digipal_placetype",1,"id","integer","NO",NULL,32,0
"public","digipal_placetype",2,"name","character varying","NO",256,NULL,NULL
"public","digipal_placetype",3,"created","timestamp with time zone","NO",NULL,NULL,NULL
"public","digipal_placetype",4,"modified","timestamp with time zone","NO",NULL,NULL,NULL
"public","digipal_proportion",1,"id","integer","NO",NULL,32,0
"public","digipal_proportion",2,"legacy_id","integer","YES",NULL,32,0
"public","digipal_proportion",3,"hand_id","integer","NO",NULL,32,0
"public","digipal_proportion",4,"measurement_id","integer","NO",NULL,32,0
"public","digipal_proportion",5,"description","text","YES",NULL,NULL,NULL
"public","digipal_proportion",6,"cue_height","double precision","NO",NULL,53,NULL
"public","digipal_proportion",7,"value","double precision","NO",NULL,53,NULL
"public","digipal_proportion",8,"created","timestamp with time zone","NO",NULL,NULL,NULL
"public","digipal_proportion",9,"modified","timestamp with time zone","NO",NULL,NULL,NULL
"public","digipal_reference",1,"id","integer","NO",NULL,32,0
"public","digipal_reference",2,"legacy_id","integer","YES",NULL,32,0
"public","digipal_reference",3,"name","character varying","NO",128,NULL,NULL
"public","digipal_reference",4,"name_index","character varying","YES",1,NULL,NULL
"public","digipal_reference",5,"legacy_reference","character varying","YES",128,NULL,NULL
"public","digipal_reference",6,"full_reference","text","NO",NULL,NULL,NULL
"public","digipal_reference",7,"created","timestamp with time zone","NO",NULL,NULL,NULL
"public","digipal_reference",8,"modified","timestamp with time zone","NO",NULL,NULL,NULL
"public","digipal_region",1,"id","integer","NO",NULL,32,0
"public","digipal_region",2,"name","character varying","NO",128,NULL,NULL
"public","digipal_region",3,"created","timestamp with time zone","NO",NULL,NULL,NULL
"public","digipal_region",4,"modified","timestamp with time zone","NO",NULL,NULL,NULL
"public","digipal_repository",1,"id","integer","NO",NULL,32,0
"public","digipal_repository",2,"legacy_id","integer","YES",NULL,32,0
"public","digipal_repository",3,"name","character varying","NO",256,NULL,NULL
"public","digipal_repository",4,"short_name","character varying","YES",64,NULL,NULL
"public","digipal_repository",5,"place_id","integer","NO",NULL,32,0
"public","digipal_repository",6,"url","character varying","YES",200,NULL,NULL
"public","digipal_repository",7,"comma","boolean","YES",NULL,NULL,NULL
"public","digipal_repository",8,"british_isles","boolean","YES",NULL,NULL,NULL
"public","digipal_repository",9,"digital_project","boolean","YES",NULL,NULL,NULL
"public","digipal_repository",10,"created","timestamp with time zone","NO",NULL,NULL,NULL
"public","digipal_repository",11,"modified","timestamp with time zone","NO",NULL,NULL,NULL
"public","digipal_repository",12,"copyright_notice","text","YES",NULL,NULL,NULL
"public","digipal_repository",13,"media_permission_id","integer","YES",NULL,32,0
"public","digipal_repository",14,"type_id","integer","YES",NULL,32,0
"public","digipal_repository",15,"part_of_id","integer","YES",NULL,32,0
"public","digipal_requestlog",1,"id","integer","NO",NULL,32,0
"public","digipal_requestlog",2,"request","character varying","YES",300,NULL,NULL
"public","digipal_requestlog",3,"created","timestamp with time zone","NO",NULL,NULL,NULL
"public","digipal_requestlog",4,"result_count","integer","NO",NULL,32,0
"public","digipal_scribe",1,"id","integer","NO",NULL,32,0
"public","digipal_scribe",2,"legacy_id","integer","YES",NULL,32,0
"public","digipal_scribe",3,"name","character varying","NO",128,NULL,NULL
"public","digipal_scribe",4,"date","character varying","YES",128,NULL,NULL
"public","digipal_scribe",5,"scriptorium_id","integer","YES",NULL,32,0
"public","digipal_scribe",6,"created","timestamp with time zone","NO",NULL,NULL,NULL
"public","digipal_scribe",7,"modified","timestamp with time zone","NO",NULL,NULL,NULL
"public","digipal_scribe",8,"legacy_reference","character varying","YES",128,NULL,NULL
"public","digipal_scribe_reference",1,"id","integer","NO",NULL,32,0
"public","digipal_scribe_reference",2,"scribe_id","integer","NO",NULL,32,0
"public","digipal_scribe_reference",3,"reference_id","integer","NO",NULL,32,0
"public","digipal_script",1,"id","integer","NO",NULL,32,0
"public","digipal_script",2,"legacy_id","integer","YES",NULL,32,0
"public","digipal_script",3,"name","character varying","NO",128,NULL,NULL
"public","digipal_script",4,"created","timestamp with time zone","NO",NULL,NULL,NULL
"public","digipal_script",5,"modified","timestamp with time zone","NO",NULL,NULL,NULL
"public","digipal_script_allographs",1,"id","integer","NO",NULL,32,0
"public","digipal_script_allographs",2,"script_id","integer","NO",NULL,32,0
"public","digipal_script_allographs",3,"allograph_id","integer","NO",NULL,32,0
"public","digipal_scriptcomponent",1,"id","integer","NO",NULL,32,0
"public","digipal_scriptcomponent",2,"script_id","integer","NO",NULL,32,0
"public","digipal_scriptcomponent",3,"component_id","integer","NO",NULL,32,0
"public","digipal_scriptcomponent",4,"created","timestamp with time zone","NO",NULL,NULL,NULL
"public","digipal_scriptcomponent",5,"modified","timestamp with time zone","NO",NULL,NULL,NULL
"public","digipal_scriptcomponent_features",1,"id","integer","NO",NULL,32,0
"public","digipal_scriptcomponent_features",2,"scriptcomponent_id","integer","NO",NULL,32,0
"public","digipal_scriptcomponent_features",3,"feature_id","integer","NO",NULL,32,0
"public","digipal_source",1,"id","integer","NO",NULL,32,0
"public","digipal_source",2,"name","character varying","NO",128,NULL,NULL
"public","digipal_source",3,"label","character varying","YES",30,NULL,NULL
"public","digipal_source",4,"created","timestamp with time zone","NO",NULL,NULL,NULL
"public","digipal_source",5,"modified","timestamp with time zone","NO",NULL,NULL,NULL
"public","digipal_source",6,"priority","integer","NO",NULL,32,0
"public","digipal_source",7,"label_styled","character varying","YES",30,NULL,NULL
"public","digipal_source",8,"label_slug","character varying","YES",30,NULL,NULL
"public","digipal_status",1,"id","integer","NO",NULL,32,0
"public","digipal_status",2,"name","character varying","NO",32,NULL,NULL
"public","digipal_status",3,"default","boolean","NO",NULL,NULL,NULL
"public","digipal_status",4,"created","timestamp with time zone","NO",NULL,NULL,NULL
"public","digipal_status",5,"modified","timestamp with time zone","NO",NULL,NULL,NULL
"public","digipal_stewartrecord",1,"id","integer","NO",NULL,32,0
"public","digipal_stewartrecord",2,"scragg","character varying","YES",300,NULL,NULL
"public","digipal_stewartrecord",3,"repository","character varying","YES",300,NULL,NULL
"public","digipal_stewartrecord",4,"shelf_mark","character varying","YES",300,NULL,NULL
"public","digipal_stewartrecord",5,"fols","character varying","YES",300,NULL,NULL
"public","digipal_stewartrecord",6,"gneuss","character varying","YES",300,NULL,NULL
"public","digipal_stewartrecord",7,"sp","character varying","YES",300,NULL,NULL
"public","digipal_stewartrecord",8,"ker","character varying","YES",300,NULL,NULL
"public","digipal_stewartrecord",9,"locus","character varying","YES",300,NULL,NULL
"public","digipal_stewartrecord",10,"selected","character varying","YES",300,NULL,NULL
"public","digipal_stewartrecord",11,"adate","character varying","YES",300,NULL,NULL
"public","digipal_stewartrecord",12,"location","character varying","YES",300,NULL,NULL
"public","digipal_stewartrecord",13,"surrogates","character varying","YES",300,NULL,NULL
"public","digipal_stewartrecord",14,"contents","character varying","YES",500,NULL,NULL
"public","digipal_stewartrecord",15,"notes","character varying","YES",600,NULL,NULL
"public","digipal_stewartrecord",16,"em","character varying","YES",800,NULL,NULL
"public","digipal_stewartrecord",17,"glosses","character varying","YES",300,NULL,NULL
"public","digipal_stewartrecord",18,"minor","character varying","YES",300,NULL,NULL
"public","digipal_stewartrecord",19,"charter","character varying","YES",300,NULL,NULL
"public","digipal_stewartrecord",20,"cartulary","character varying","YES",300,NULL,NULL
"public","digipal_stewartrecord",21,"eel","character varying","YES",1000,NULL,NULL
"public","digipal_stewartrecord",22,"stokes_db","character varying","YES",300,NULL,NULL
"public","digipal_stewartrecord",23,"ker_hand","character varying","YES",300,NULL,NULL
"public","digipal_stewartrecord",24,"import_messages","text","YES",NULL,NULL,NULL
"public","digipal_stewartrecord",25,"matched_hands","character varying","YES",1000,NULL,NULL
"public","digipal_text",1,"id","integer","NO",NULL,32,0
"public","digipal_text",2,"name","character varying","NO",200,NULL,NULL
"public","digipal_text",3,"created","timestamp with time zone","NO",NULL,NULL,NULL
"public","digipal_text",4,"modified","timestamp with time zone","NO",NULL,NULL,NULL
"public","digipal_text",5,"legacy_id","integer","YES",NULL,32,0
"public","digipal_text",6,"date","character varying","YES",128,NULL,NULL
"public","digipal_text",7,"url","character varying","YES",200,NULL,NULL
"public","digipal_text",8,"date_sort","character varying","YES",128,NULL,NULL
"public","digipal_text_categories",1,"id","integer","NO",NULL,32,0
"public","digipal_text_categories",2,"text_id","integer","NO",NULL,32,0
"public","digipal_text_categories",3,"category_id","integer","NO",NULL,32,0
"public","digipal_text_entryhand",1,"id","integer","NO",NULL,32,0
"public","digipal_text_entryhand",2,"item_part_id","integer","NO",NULL,32,0
"public","digipal_text_entryhand",3,"entry_number","character varying","NO",20,NULL,NULL
"public","digipal_text_entryhand",4,"hand_label","character varying","NO",20,NULL,NULL
"public","digipal_text_entryhand",5,"order","integer","NO",NULL,32,0
"public","digipal_text_entryhand",6,"correction","boolean","NO",NULL,NULL,NULL
"public","digipal_text_entryhand",7,"certainty","double precision","NO",NULL,53,NULL
"public","digipal_text_entryhand",8,"created","timestamp with time zone","NO",NULL,NULL,NULL
"public","digipal_text_entryhand",9,"modified","timestamp with time zone","NO",NULL,NULL,NULL
"public","digipal_text_languages",1,"id","integer","NO",NULL,32,0
"public","digipal_text_languages",2,"text_id","integer","NO",NULL,32,0
"public","digipal_text_languages",3,"language_id","integer","NO",NULL,32,0
"public","digipal_text_textannotation",1,"id","integer","NO",NULL,32,0
"public","digipal_text_textannotation",2,"annotation_id","integer","NO",NULL,32,0
"public","digipal_text_textannotation",3,"elementid","character varying","NO",255,NULL,NULL
"public","digipal_text_textannotation",4,"created","timestamp with time zone","NO",NULL,NULL,NULL
"public","digipal_text_textannotation",5,"modified","timestamp with time zone","NO",NULL,NULL,NULL
"public","digipal_text_textcontent",1,"id","integer","NO",NULL,32,0
"public","digipal_text_textcontent",2,"type_id","integer","NO",NULL,32,0
"public","digipal_text_textcontent",3,"item_part_id","integer","NO",NULL,32,0
"public","digipal_text_textcontent",4,"created","timestamp with time zone","NO",NULL,NULL,NULL
"public","digipal_text_textcontent",5,"modified","timestamp with time zone","NO",NULL,NULL,NULL
"public","digipal_text_textcontent",6,"text_id","integer","YES",NULL,32,0
"public","digipal_text_textcontent",7,"attribution_id","integer","YES",NULL,32,0
"public","digipal_text_textcontent_languages",1,"id","integer","NO",NULL,32,0
"public","digipal_text_textcontent_languages",2,"textcontent_id","integer","NO",NULL,32,0
"public","digipal_text_textcontent_languages",3,"language_id","integer","NO",NULL,32,0
"public","digipal_text_textcontenttype",1,"id","integer","NO",NULL,32,0
"public","digipal_text_textcontenttype",2,"name","character varying","NO",100,NULL,NULL
"public","digipal_text_textcontenttype",3,"created","timestamp with time zone","NO",NULL,NULL,NULL
"public","digipal_text_textcontenttype",4,"modified","timestamp with time zone","NO",NULL,NULL,NULL
"public","digipal_text_textcontenttype",5,"slug","character varying","NO",100,NULL,NULL
"public","digipal_text_textcontentxml",1,"id","integer","NO",NULL,32,0
"public","digipal_text_textcontentxml",2,"status_id","integer","NO",NULL,32,0
"public","digipal_text_textcontentxml",3,"text_content_id","integer","NO",NULL,32,0
"public","digipal_text_textcontentxml",4,"created","timestamp with time zone","NO",NULL,NULL,NULL
"public","digipal_text_textcontentxml",5,"modified","timestamp with time zone","NO",NULL,NULL,NULL
"public","digipal_text_textcontentxml",6,"content","text","YES",NULL,NULL,NULL
"public","digipal_text_textcontentxml",7,"last_image_id","integer","YES",NULL,32,0
"public","digipal_text_textcontentxmlcopy",1,"id","integer","NO",NULL,32,0
"public","digipal_text_textcontentxmlcopy",2,"source_id","integer","YES",NULL,32,0
"public","digipal_text_textcontentxmlcopy",3,"content","bytea","YES",NULL,NULL,NULL
"public","digipal_text_textcontentxmlcopy",4,"created","timestamp with time zone","NO",NULL,NULL,NULL
"public","digipal_text_textcontentxmlcopy",5,"modified","timestamp with time zone","NO",NULL,NULL,NULL
"public","digipal_text_textcontentxmlcopy",6,"ahash","character varying","YES",100,NULL,NULL
"public","digipal_text_textcontentxmlstatus",1,"id","integer","NO",NULL,32,0
"public","digipal_text_textcontentxmlstatus",2,"name","character varying","NO",100,NULL,NULL
"public","digipal_text_textcontentxmlstatus",3,"created","timestamp with time zone","NO",NULL,NULL,NULL
"public","digipal_text_textcontentxmlstatus",4,"modified","timestamp with time zone","NO",NULL,NULL,NULL
"public","digipal_text_textcontentxmlstatus",5,"slug","character varying","NO",100,NULL,NULL
"public","digipal_text_textcontentxmlstatus",6,"sort_order","integer","NO",NULL,32,0
"public","digipal_text_textpattern",1,"id","integer","NO",NULL,32,0
"public","digipal_text_textpattern",2,"title","character varying","NO",100,NULL,NULL
"public","digipal_text_textpattern",3,"key","character varying","NO",100,NULL,NULL
"public","digipal_text_textpattern",4,"pattern","character varying","YES",1000,NULL,NULL
"public","digipal_text_textpattern",5,"order","integer","NO",NULL,32,0
"public","digipal_text_textpattern",6,"description","text","YES",NULL,NULL,NULL
"public","digipal_text_textpattern",7,"created","timestamp with time zone","NO",NULL,NULL,NULL
"public","digipal_text_textpattern",8,"modified","timestamp with time zone","NO",NULL,NULL,NULL
"public","digipal_textitempart",1,"id","integer","NO",NULL,32,0
"public","digipal_textitempart",2,"locus","character varying","YES",20,NULL,NULL
"public","digipal_textitempart",3,"item_part_id","integer","NO",NULL,32,0
"public","digipal_textitempart",4,"text_id","integer","NO",NULL,32,0
"public","digipal_textitempart",5,"created","timestamp with time zone","NO",NULL,NULL,NULL
"public","digipal_textitempart",6,"modified","timestamp with time zone","NO",NULL,NULL,NULL
"public","digipal_textitempart",7,"date","character varying","YES",128,NULL,NULL
"public","digipal_textitempart",8,"name","character varying","YES",200,NULL,NULL
"public","django_admin_log",1,"id","integer","NO",NULL,32,0
"public","django_admin_log",2,"action_time","timestamp with time zone","NO",NULL,NULL,NULL
"public","django_admin_log",3,"user_id","integer","NO",NULL,32,0
"public","django_admin_log",4,"content_type_id","integer","YES",NULL,32,0
"public","django_admin_log",5,"object_id","text","YES",NULL,NULL,NULL
"public","django_admin_log",6,"object_repr","character varying","NO",200,NULL,NULL
"public","django_admin_log",7,"action_flag","smallint","NO",NULL,16,0
"public","django_admin_log",8,"change_message","text","NO",NULL,NULL,NULL
"public","django_comment_flags",1,"id","integer","NO",NULL,32,0
"public","django_comment_flags",2,"user_id","integer","NO",NULL,32,0
"public","django_comment_flags",3,"comment_id","integer","NO",NULL,32,0
"public","django_comment_flags",4,"flag","character varying","NO",30,NULL,NULL
"public","django_comment_flags",5,"flag_date","timestamp with time zone","NO",NULL,NULL,NULL
"public","django_comments",1,"id","integer","NO",NULL,32,0
"public","django_comments",2,"content_type_id","integer","NO",NULL,32,0
"public","django_comments",3,"object_pk","text","NO",NULL,NULL,NULL
"public","django_comments",4,"site_id","integer","NO",NULL,32,0
"public","django_comments",5,"user_id","integer","YES",NULL,32,0
"public","django_comments",6,"user_name","character varying","NO",50,NULL,NULL
"public","django_comments",7,"user_email","character varying","NO",254,NULL,NULL
"public","django_comments",8,"user_url","character varying","NO",200,NULL,NULL
"public","django_comments",9,"comment","text","NO",NULL,NULL,NULL
"public","django_comments",10,"submit_date","timestamp with time zone","NO",NULL,NULL,NULL
"public","django_comments",11,"ip_address","inet","YES",NULL,NULL,NULL
"public","django_comments",12,"is_public","boolean","NO",NULL,NULL,NULL
"public","django_comments",13,"is_removed","boolean","NO",NULL,NULL,NULL
"public","django_content_type",1,"id","integer","NO",NULL,32,0
"public","django_content_type",2,"app_label","character varying","NO",100,NULL,NULL
"public","django_content_type",3,"model","character varying","NO",100,NULL,NULL
"public","django_migrations",1,"id","integer","NO",NULL,32,0
"public","django_migrations",2,"app","character varying","NO",255,NULL,NULL
"public","django_migrations",3,"name","character varying","NO",255,NULL,NULL
"public","django_migrations",4,"applied","timestamp with time zone","NO",NULL,NULL,NULL
"public","django_redirect",1,"id","integer","NO",NULL,32,0
"public","django_redirect",2,"site_id","integer","NO",NULL,32,0
"public","django_redirect",3,"old_path","character varying","NO",200,NULL,NULL
"public","django_redirect",4,"new_path","character varying","NO",200,NULL,NULL
"public","django_session",1,"session_key","character varying","NO",40,NULL,NULL
"public","django_session",2,"session_data","text","NO",NULL,NULL,NULL
"public","django_session",3,"expire_date","timestamp with time zone","NO",NULL,NULL,NULL
"public","django_site",1,"id","integer","NO",NULL,32,0
"public","django_site",2,"domain","character varying","NO",100,NULL,NULL
"public","django_site",3,"name","character varying","NO",50,NULL,NULL
"public","forms_field",1,"_order","integer","YES",NULL,32,0
"public","forms_field",2,"form_id","integer","NO",NULL,32,0
"public","forms_field",3,"default","character varying","NO",2000,NULL,NULL
"public","forms_field",4,"required","boolean","NO",NULL,NULL,NULL
"public","forms_field",5,"label","character varying","NO",200,NULL,NULL
"public","forms_field",6,"visible","boolean","NO",NULL,NULL,NULL
"public","forms_field",7,"help_text","character varying","NO",100,NULL,NULL
"public","forms_field",8,"choices","character varying","NO",1000,NULL,NULL
"public","forms_field",9,"id","integer","NO",NULL,32,0
"public","forms_field",10,"placeholder_text","character varying","NO",100,NULL,NULL
"public","forms_field",11,"field_type","integer","NO",NULL,32,0
"public","forms_fieldentry",1,"entry_id","integer","NO",NULL,32,0
"public","forms_fieldentry",2,"field_id","integer","NO",NULL,32,0
"public","forms_fieldentry",3,"id","integer","NO",NULL,32,0
"public","forms_fieldentry",4,"value","character varying","YES",2000,NULL,NULL
"public","forms_form",1,"email_message","text","NO",NULL,NULL,NULL
"public","forms_form",2,"page_ptr_id","integer","NO",NULL,32,0
"public","forms_form",3,"email_copies","character varying","NO",200,NULL,NULL
"public","forms_form",4,"button_text","character varying","NO",50,NULL,NULL
"public","forms_form",5,"response","text","NO",NULL,NULL,NULL
"public","forms_form",6,"content","text","NO",NULL,NULL,NULL
"public","forms_form",7,"send_email","boolean","NO",NULL,NULL,NULL
"public","forms_form",8,"email_subject","character varying","NO",200,NULL,NULL
"public","forms_form",9,"email_from","character varying","NO",254,NULL,NULL
"public","forms_formentry",1,"entry_time","timestamp with time zone","NO",NULL,NULL,NULL
"public","forms_formentry",2,"id","integer","NO",NULL,32,0
"public","forms_formentry",3,"form_id","integer","NO",NULL,32,0
"public","galleries_gallery",1,"page_ptr_id","integer","NO",NULL,32,0
"public","galleries_gallery",2,"content","text","NO",NULL,NULL,NULL
"public","galleries_gallery",3,"zip_import","character varying","NO",100,NULL,NULL
"public","galleries_galleryimage",1,"id","integer","NO",NULL,32,0
"public","galleries_galleryimage",2,"_order","integer","YES",NULL,32,0
"public","galleries_galleryimage",3,"gallery_id","integer","NO",NULL,32,0
"public","galleries_galleryimage",4,"file","character varying","NO",200,NULL,NULL
"public","galleries_galleryimage",5,"description","character varying","NO",1000,NULL,NULL
"public","generic_assignedkeyword",1,"content_type_id","integer","NO",NULL,32,0
"public","generic_assignedkeyword",2,"id","integer","NO",NULL,32,0
"public","generic_assignedkeyword",3,"keyword_id","integer","NO",NULL,32,0
"public","generic_assignedkeyword",4,"object_pk","integer","YES",NULL,32,0
"public","generic_assignedkeyword",5,"_order","integer","YES",NULL,32,0
"public","generic_keyword",1,"slug","character varying","YES",2000,NULL,NULL
"public","generic_keyword",2,"id","integer","NO",NULL,32,0
"public","generic_keyword",3,"title","character varying","NO",500,NULL,NULL
"public","generic_keyword",4,"site_id","integer","NO",NULL,32,0
"public","generic_rating",1,"content_type_id","integer","NO",NULL,32,0
"public","generic_rating",2,"id","integer","NO",NULL,32,0
"public","generic_rating",3,"value","integer","NO",NULL,32,0
"public","generic_rating",4,"object_pk","integer","YES",NULL,32,0
"public","generic_rating",5,"rating_date","timestamp with time zone","YES",NULL,NULL,NULL
"public","generic_rating",6,"user_id","integer","YES",NULL,32,0
"public","generic_threadedcomment",1,"by_author","boolean","NO",NULL,NULL,NULL
"public","generic_threadedcomment",2,"comment_ptr_id","integer","NO",NULL,32,0
"public","generic_threadedcomment",3,"replied_to_id","integer","YES",NULL,32,0
"public","generic_threadedcomment",4,"rating_count","integer","NO",NULL,32,0
"public","generic_threadedcomment",5,"rating_average","double precision","NO",NULL,53,NULL
"public","generic_threadedcomment",6,"rating_sum","integer","NO",NULL,32,0
"public","manuscripts_repository",1,"id","bigint","NO",NULL,64,0
"public","manuscripts_repository",2,"name","character varying","NO",100,NULL,NULL
"public","manuscripts_repository",3,"label","character varying","YES",64,NULL,NULL
"public","manuscripts_repository",4,"place","character varying","NO",50,NULL,NULL
"public","manuscripts_repository",5,"url","character varying","YES",200,NULL,NULL
"public","manuscripts_repository",6,"type","character varying","YES",30,NULL,NULL
"public","pages_link",1,"page_ptr_id","integer","NO",NULL,32,0
"public","pages_page",1,"status","integer","NO",NULL,32,0
"public","pages_page",2,"_order","integer","YES",NULL,32,0
"public","pages_page",3,"parent_id","integer","YES",NULL,32,0
"public","pages_page",4,"description","text","NO",NULL,NULL,NULL
"public","pages_page",5,"title","character varying","NO",500,NULL,NULL
"public","pages_page",6,"short_url","character varying","YES",200,NULL,NULL
"public","pages_page",7,"login_required","boolean","NO",NULL,NULL,NULL
"public","pages_page",8,"id","integer","NO",NULL,32,0
"public","pages_page",9,"expiry_date","timestamp with time zone","YES",NULL,NULL,NULL
"public","pages_page",10,"publish_date","timestamp with time zone","YES",NULL,NULL,NULL
"public","pages_page",11,"titles","character varying","YES",1000,NULL,NULL
"public","pages_page",12,"content_model","character varying","YES",50,NULL,NULL
"public","pages_page",13,"slug","character varying","YES",2000,NULL,NULL
"public","pages_page",14,"keywords_string","character varying","NO",500,NULL,NULL
"public","pages_page",15,"site_id","integer","NO",NULL,32,0
"public","pages_page",16,"gen_description","boolean","NO",NULL,NULL,NULL
"public","pages_page",17,"in_menus","character varying","YES",100,NULL,NULL
"public","pages_page",18,"_meta_title","character varying","YES",500,NULL,NULL
"public","pages_page",19,"in_sitemap","boolean","NO",NULL,NULL,NULL
"public","pages_page",20,"created","timestamp with time zone","YES",NULL,NULL,NULL
"public","pages_page",21,"updated","timestamp with time zone","YES",NULL,NULL,NULL
"public","pages_richtextpage",1,"content","text","NO",NULL,NULL,NULL
"public","pages_richtextpage",2,"page_ptr_id","integer","NO",NULL,32,0
"public","poms_charter_info",1,"personid","character varying","YES",5,NULL,NULL
"public","poms_charter_info",2,"titletypename","character varying","YES",49,NULL,NULL
"public","poms_charter_info",3,"inferredtype","character varying","YES",49,NULL,NULL
"public","poms_charter_info",4,"persondisplayname","character varying","YES",80,NULL,NULL
"public","poms_charter_info",5,"genderkeyid","character varying","YES",80,NULL,NULL
"public","poms_charter_info",6,"isissuer","character varying","YES",80,NULL,NULL
"public","poms_charter_info",7,"helperhnumber","character varying","YES",80,NULL,NULL
"public","poms_charter_info",8,"_line_index","character varying","YES",80,NULL,NULL
"public","reversion_revision",1,"id","integer","NO",NULL,32,0
"public","reversion_revision",2,"date_created","timestamp with time zone","NO",NULL,NULL,NULL
"public","reversion_revision",3,"user_id","integer","YES",NULL,32,0
"public","reversion_revision",4,"comment","text","NO",NULL,NULL,NULL
"public","reversion_revision",5,"manager_slug","character varying","NO",191,NULL,NULL
"public","reversion_version",1,"id","integer","NO",NULL,32,0
"public","reversion_version",2,"revision_id","integer","NO",NULL,32,0
"public","reversion_version",3,"object_id","text","NO",NULL,NULL,NULL
"public","reversion_version",4,"content_type_id","integer","NO",NULL,32,0
"public","reversion_version",5,"format","character varying","NO",255,NULL,NULL
"public","reversion_version",6,"serialized_data","text","NO",NULL,NULL,NULL
"public","reversion_version",7,"object_repr","text","NO",NULL,NULL,NULL
"public","reversion_version",8,"object_id_int","integer","YES",NULL,32,0
"public","south_migrationhistory",1,"id","integer","NO",NULL,32,0
"public","south_migrationhistory",2,"app_name","character varying","NO",255,NULL,NULL
"public","south_migrationhistory",3,"migration","character varying","NO",255,NULL,NULL
"public","south_migrationhistory",4,"applied","timestamp with time zone","NO",NULL,NULL,NULL
"public","twitter_query",1,"interested","boolean","NO",NULL,NULL,NULL
"public","twitter_query",2,"type","character varying","NO",10,NULL,NULL
"public","twitter_query",3,"id","integer","NO",NULL,32,0
"public","twitter_query",4,"value","character varying","NO",140,NULL,NULL
"public","twitter_tweet",1,"retweeter_profile_image_url","character varying","YES",200,NULL,NULL
"public","twitter_tweet",2,"text","text","YES",NULL,NULL,NULL
"public","twitter_tweet",3,"created_at","timestamp with time zone","YES",NULL,NULL,NULL
"public","twitter_tweet",4,"remote_id","character varying","NO",50,NULL,NULL
"public","twitter_tweet",5,"retweeter_user_name","character varying","YES",100,NULL,NULL
"public","twitter_tweet",6,"profile_image_url","character varying","YES",200,NULL,NULL
"public","twitter_tweet",7,"full_name","character varying","YES",100,NULL,NULL
"public","twitter_tweet",8,"query_id","integer","NO",NULL,32,0
"public","twitter_tweet",9,"user_name","character varying","YES",100,NULL,NULL
"public","twitter_tweet",10,"id","integer","NO",NULL,32,0
"public","twitter_tweet",11,"retweeter_full_name","character varying","YES",100,NULL,NULL
