"old_table","new_table","name_score","shared_columns","total_score","rank"
"auth_group","auth_group",100,"2","104","1"
"auth_group","auth_group_permissions",60,"1","62","2"
"auth_group","auth_user_groups",60,"1","62","3"
"auth_group","auth_permission",0,"2","4","4"
"auth_group","django_migrations",0,"2","4","5"
"auth_group","manuscripts_bibliographicsource",0,"2","4","6"
"auth_group","manuscripts_itemformat",0,"2","4","7"
"auth_group","manuscripts_repository",0,"2","4","8"
"auth_group","publications_tagulous_publication_keywords",0,"2","4","9"
"auth_group","scribes_hand",0,"2","4","10"
"auth_group_permissions","auth_group_permissions",100,"3","106","1"
"auth_group_permissions","auth_group",60,"1","62","2"
"auth_group_permissions","auth_permission",60,"1","62","3"
"auth_group_permissions","auth_user_groups",0,"2","4","4"
"auth_group_permissions","auth_user_user_permissions",0,"2","4","5"
"auth_group_permissions","annotations_graph",0,"1","2","6"
"auth_group_permissions","annotations_graph_positions",0,"1","2","7"
"auth_group_permissions","annotations_graphcomponent",0,"1","2","8"
"auth_group_permissions","annotations_graphcomponent_features",0,"1","2","9"
"auth_group_permissions","auth_user",0,"1","2","10"
"auth_permission","auth_permission",100,"4","108","1"
"auth_permission","auth_group_permissions",60,"1","62","2"
"auth_permission","auth_user_user_permissions",60,"1","62","3"
"auth_permission","auth_group",0,"2","4","4"
"auth_permission","django_admin_log",0,"2","4","5"
"auth_permission","django_migrations",0,"2","4","6"
"auth_permission","manuscripts_bibliographicsource",0,"2","4","7"
"auth_permission","manuscripts_itemformat",0,"2","4","8"
"auth_permission","manuscripts_repository",0,"2","4","9"
"auth_permission","publications_tagulous_publication_keywords",0,"2","4","10"
"auth_user","auth_user",100,"11","122","1"
"auth_user","auth_user_groups",60,"1","62","2"
"auth_user","auth_user_user_permissions",60,"1","62","3"
"auth_user","annotations_graph",0,"1","2","4"
"auth_user","annotations_graph_positions",0,"1","2","5"
"auth_user","annotations_graphcomponent",0,"1","2","6"
"auth_user","annotations_graphcomponent_features",0,"1","2","7"
"auth_user","auth_group",0,"1","2","8"
"auth_user","auth_group_permissions",0,"1","2","9"
"auth_user","auth_permission",0,"1","2","10"
"auth_user_groups","auth_user_groups",100,"3","106","1"
"auth_user_groups","auth_group",60,"1","62","2"
"auth_user_groups","auth_user",60,"1","62","3"
"auth_user_groups","auth_group_permissions",0,"2","4","4"
"auth_user_groups","auth_user_user_permissions",0,"2","4","5"
"auth_user_groups","django_admin_log",0,"2","4","6"
"auth_user_groups","annotations_graph",0,"1","2","7"
"auth_user_groups","annotations_graph_positions",0,"1","2","8"
"auth_user_groups","annotations_graphcomponent",0,"1","2","9"
"auth_user_groups","annotations_graphcomponent_features",0,"1","2","10"
"auth_user_user_permissions","auth_user_user_permissions",100,"3","106","1"
"auth_user_user_permissions","auth_permission",60,"1","62","2"
"auth_user_user_permissions","auth_user",60,"1","62","3"
"auth_user_user_permissions","auth_group_permissions",0,"2","4","4"
"auth_user_user_permissions","auth_user_groups",0,"2","4","5"
"auth_user_user_permissions","django_admin_log",0,"2","4","6"
"auth_user_user_permissions","annotations_graph",0,"1","2","7"
"auth_user_user_permissions","annotations_graph_positions",0,"1","2","8"
"auth_user_user_permissions","annotations_graphcomponent",0,"1","2","9"
"auth_user_user_permissions","annotations_graphcomponent_features",0,"1","2","10"
"blog_blogcategory","publications_event",0,"3","6","1"
"blog_blogcategory","publications_publication",0,"3","6","2"
"blog_blogcategory","publications_carouselitem",0,"2","4","3"
"blog_blogcategory","publications_tagulous_publication_keywords",0,"2","4","4"
"blog_blogcategory","annotations_graph",0,"1","2","5"
"blog_blogcategory","annotations_graph_positions",0,"1","2","6"
"blog_blogcategory","annotations_graphcomponent",0,"1","2","7"
"blog_blogcategory","annotations_graphcomponent_features",0,"1","2","8"
"blog_blogcategory","auth_group",0,"1","2","9"
"blog_blogcategory","auth_group_permissions",0,"1","2","10"
"blog_blogpost","publications_publication",0,"6","12","1"
"blog_blogpost","manuscripts_imagetext",0,"4","8","2"
"blog_blogpost","publications_event",0,"4","8","3"
"blog_blogpost","auth_user_groups",0,"2","4","4"
"blog_blogpost","auth_user_user_permissions",0,"2","4","5"
"blog_blogpost","authtoken_token",0,"2","4","6"
"blog_blogpost","django_admin_log",0,"2","4","7"
"blog_blogpost","manuscripts_currentitem",0,"2","4","8"
"blog_blogpost","manuscripts_historicalitemdescription",0,"2","4","9"
"blog_blogpost","publications_carouselitem",0,"2","4","10"
"blog_blogpost_categories","annotations_graph",0,"1","2","1"
"blog_blogpost_categories","annotations_graph_positions",0,"1","2","2"
"blog_blogpost_categories","annotations_graphcomponent",0,"1","2","3"
"blog_blogpost_categories","annotations_graphcomponent_features",0,"1","2","4"
"blog_blogpost_categories","auth_group",0,"1","2","5"
"blog_blogpost_categories","auth_group_permissions",0,"1","2","6"
"blog_blogpost_categories","auth_permission",0,"1","2","7"
"blog_blogpost_categories","auth_user",0,"1","2","8"
"blog_blogpost_categories","auth_user_groups",0,"1","2","9"
"blog_blogpost_categories","auth_user_user_permissions",0,"1","2","10"
"blog_blogpost_related_posts","annotations_graph",0,"1","2","1"
"blog_blogpost_related_posts","annotations_graph_positions",0,"1","2","2"
"blog_blogpost_related_posts","annotations_graphcomponent",0,"1","2","3"
"blog_blogpost_related_posts","annotations_graphcomponent_features",0,"1","2","4"
"blog_blogpost_related_posts","auth_group",0,"1","2","5"
"blog_blogpost_related_posts","auth_group_permissions",0,"1","2","6"
"blog_blogpost_related_posts","auth_permission",0,"1","2","7"
"blog_blogpost_related_posts","auth_user",0,"1","2","8"
"blog_blogpost_related_posts","auth_user_groups",0,"1","2","9"
"blog_blogpost_related_posts","auth_user_user_permissions",0,"1","2","10"
"conf_setting","auth_group",0,"2","4","1"
"conf_setting","auth_permission",0,"2","4","2"
"conf_setting","django_migrations",0,"2","4","3"
"conf_setting","manuscripts_bibliographicsource",0,"2","4","4"
"conf_setting","manuscripts_itemformat",0,"2","4","5"
"conf_setting","manuscripts_repository",0,"2","4","6"
"conf_setting","publications_tagulous_publication_keywords",0,"2","4","7"
"conf_setting","scribes_hand",0,"2","4","8"
"conf_setting","scribes_scribe",0,"2","4","9"
"conf_setting","scribes_script",0,"2","4","10"
"core_sitepermission","auth_permission",60,"1","62","1"
"core_sitepermission","auth_user_groups",0,"2","4","2"
"core_sitepermission","auth_user_user_permissions",0,"2","4","3"
"core_sitepermission","django_admin_log",0,"2","4","4"
"core_sitepermission","annotations_graph",0,"1","2","5"
"core_sitepermission","annotations_graph_positions",0,"1","2","6"
"core_sitepermission","annotations_graphcomponent",0,"1","2","7"
"core_sitepermission","annotations_graphcomponent_features",0,"1","2","8"
"core_sitepermission","auth_group",0,"1","2","9"
"core_sitepermission","auth_group_permissions",0,"1","2","10"
"core_sitepermission_sites","auth_permission",60,"1","62","1"
"core_sitepermission_sites","annotations_graph",0,"1","2","2"
"core_sitepermission_sites","annotations_graph_positions",0,"1","2","3"
"core_sitepermission_sites","annotations_graphcomponent",0,"1","2","4"
"core_sitepermission_sites","annotations_graphcomponent_features",0,"1","2","5"
"core_sitepermission_sites","auth_group",0,"1","2","6"
"core_sitepermission_sites","auth_group_permissions",0,"1","2","7"
"core_sitepermission_sites","auth_user",0,"1","2","8"
"core_sitepermission_sites","auth_user_groups",0,"1","2","9"
"core_sitepermission_sites","auth_user_user_permissions",0,"1","2","10"
"digipal_allograph","symbols_structure_allograph",100,"3","106","1"
"digipal_allograph","annotations_graph",60,"1","62","2"
"digipal_allograph","symbols_structure_allographcomponent",60,"1","62","3"
"digipal_allograph","symbols_structure_allographcomponentfeature",60,"1","62","4"
"digipal_allograph","manuscripts_imagetext",0,"3","6","5"
"digipal_allograph","auth_group",0,"2","4","6"
"digipal_allograph","auth_permission",0,"2","4","7"
"digipal_allograph","django_migrations",0,"2","4","8"
"digipal_allograph","manuscripts_bibliographicsource",0,"2","4","9"
"digipal_allograph","manuscripts_itemformat",0,"2","4","10"
"digipal_allograph_aspects","annotations_graph",60,"2","64","1"
"digipal_allograph_aspects","symbols_structure_allograph",60,"1","62","2"
"digipal_allograph_aspects","symbols_structure_allographcomponent",0,"2","4","3"
"digipal_allograph_aspects","annotations_graph_positions",0,"1","2","4"
"digipal_allograph_aspects","annotations_graphcomponent",0,"1","2","5"
"digipal_allograph_aspects","annotations_graphcomponent_features",0,"1","2","6"
"digipal_allograph_aspects","auth_group",0,"1","2","7"
"digipal_allograph_aspects","auth_group_permissions",0,"1","2","8"
"digipal_allograph_aspects","auth_permission",0,"1","2","9"
"digipal_allograph_aspects","auth_user",0,"1","2","10"
"digipal_allographcomponent","symbols_structure_allographcomponent",100,"3","106","1"
"digipal_allographcomponent","annotations_graph",60,"2","64","2"
"digipal_allographcomponent","annotations_graphcomponent",60,"2","64","3"
"digipal_allographcomponent","symbols_structure_allograph",60,"1","62","4"
"digipal_allographcomponent","symbols_structure_allographcomponentfeature",60,"1","62","5"
"digipal_allographcomponent","symbols_structure_component",60,"1","62","6"
"digipal_allographcomponent","manuscripts_imagetext",0,"3","6","7"
"digipal_allographcomponent","symbols_structure_component_features",0,"2","4","8"
"digipal_allographcomponent","annotations_graph_positions",0,"1","2","9"
"digipal_allographcomponent","annotations_graphcomponent_features",0,"1","2","10"
"digipal_allographcomponent_features","annotations_graphcomponent_features",60,"2","64","1"
"digipal_allographcomponent_features","symbols_structure_component_features",60,"2","64","2"
"digipal_allographcomponent_features","annotations_graph",60,"1","62","3"
"digipal_allographcomponent_features","annotations_graphcomponent",60,"1","62","4"
"digipal_allographcomponent_features","symbols_structure_allograph",60,"1","62","5"
"digipal_allographcomponent_features","symbols_structure_allographcomponent",60,"1","62","6"
"digipal_allographcomponent_features","symbols_structure_component",60,"1","62","7"
"digipal_allographcomponent_features","symbols_structure_feature",60,"1","62","8"
"digipal_allographcomponent_features","symbols_structure_allographcomponentfeature",0,"2","4","9"
"digipal_allographcomponent_features","annotations_graph_positions",0,"1","2","10"
"digipal_alphabet","manuscripts_imagetext",0,"3","6","1"
"digipal_alphabet","auth_group",0,"2","4","2"
"digipal_alphabet","auth_permission",0,"2","4","3"
"digipal_alphabet","django_migrations",0,"2","4","4"
"digipal_alphabet","manuscripts_bibliographicsource",0,"2","4","5"
"digipal_alphabet","manuscripts_itemformat",0,"2","4","6"
"digipal_alphabet","manuscripts_repository",0,"2","4","7"
"digipal_alphabet","publications_tagulous_publication_keywords",0,"2","4","8"
"digipal_alphabet","scribes_hand",0,"2","4","9"
"digipal_alphabet","scribes_scribe",0,"2","4","10"
"digipal_alphabet_hands","scribes_hand",60,"1","62","1"
"digipal_alphabet_hands","annotations_graph",0,"2","4","2"
"digipal_alphabet_hands","scribes_hand_item_part_images",0,"2","4","3"
"digipal_alphabet_hands","annotations_graph_positions",0,"1","2","4"
"digipal_alphabet_hands","annotations_graphcomponent",0,"1","2","5"
"digipal_alphabet_hands","annotations_graphcomponent_features",0,"1","2","6"
"digipal_alphabet_hands","auth_group",0,"1","2","7"
"digipal_alphabet_hands","auth_group_permissions",0,"1","2","8"
"digipal_alphabet_hands","auth_permission",0,"1","2","9"
"digipal_alphabet_hands","auth_user",0,"1","2","10"
"digipal_alphabet_ontographs","annotations_graph",60,"1","62","1"
"digipal_alphabet_ontographs","annotations_graph_positions",0,"1","2","2"
"digipal_alphabet_ontographs","annotations_graphcomponent",0,"1","2","3"
"digipal_alphabet_ontographs","annotations_graphcomponent_features",0,"1","2","4"
"digipal_alphabet_ontographs","auth_group",0,"1","2","5"
"digipal_alphabet_ontographs","auth_group_permissions",0,"1","2","6"
"digipal_alphabet_ontographs","auth_permission",0,"1","2","7"
"digipal_alphabet_ontographs","auth_user",0,"1","2","8"
"digipal_alphabet_ontographs","auth_user_groups",0,"1","2","9"
"digipal_alphabet_ontographs","auth_user_user_permissions",0,"1","2","10"
"digipal_annotation","manuscripts_imagetext",0,"4","8","1"
"digipal_annotation","annotations_graph_positions",0,"2","4","2"
"digipal_annotation","annotations_graphcomponent",0,"2","4","3"
"digipal_annotation","manuscripts_historicalitem",0,"2","4","4"
"digipal_annotation","manuscripts_repository",0,"2","4","5"
"digipal_annotation","publications_publication",0,"2","4","6"
"digipal_annotation","symbols_structure_character",0,"2","4","7"
"digipal_annotation","annotations_graph",0,"1","2","8"
"digipal_annotation","annotations_graphcomponent_features",0,"1","2","9"
"digipal_annotation","auth_group",0,"1","2","10"
"digipal_apitransform","manuscripts_imagetext",0,"3","6","1"
"digipal_apitransform","publications_event",0,"3","6","2"
"digipal_apitransform","publications_publication",0,"3","6","3"
"digipal_apitransform","manuscripts_currentitem",0,"2","4","4"
"digipal_apitransform","publications_carouselitem",0,"2","4","5"
"digipal_apitransform","publications_tagulous_publication_keywords",0,"2","4","6"
"digipal_apitransform","scribes_hand",0,"2","4","7"
"digipal_apitransform","annotations_graph",0,"1","2","8"
"digipal_apitransform","annotations_graph_positions",0,"1","2","9"
"digipal_apitransform","annotations_graphcomponent",0,"1","2","10"
"digipal_appearance","manuscripts_imagetext",0,"3","6","1"
"digipal_appearance","manuscripts_currentitem",0,"2","4","2"
"digipal_appearance","scribes_hand",0,"2","4","3"
"digipal_appearance","annotations_graph",0,"1","2","4"
"digipal_appearance","annotations_graph_positions",0,"1","2","5"
"digipal_appearance","annotations_graphcomponent",0,"1","2","6"
"digipal_appearance","annotations_graphcomponent_features",0,"1","2","7"
"digipal_appearance","auth_group",0,"1","2","8"
"digipal_appearance","auth_group_permissions",0,"1","2","9"
"digipal_appearance","auth_permission",0,"1","2","10"
"digipal_archive","django_admin_log",0,"3","6","1"
"digipal_archive","manuscripts_imagetext",0,"3","6","2"
"digipal_archive","auth_permission",0,"2","4","3"
"digipal_archive","manuscripts_cataloguenumber",0,"2","4","4"
"digipal_archive","manuscripts_historicalitemdescription",0,"2","4","5"
"digipal_archive","manuscripts_itempart",0,"2","4","6"
"digipal_archive","annotations_graph",0,"1","2","7"
"digipal_archive","annotations_graph_positions",0,"1","2","8"
"digipal_archive","annotations_graphcomponent",0,"1","2","9"
"digipal_archive","annotations_graphcomponent_features",0,"1","2","10"
"digipal_aspect","manuscripts_imagetext",0,"3","6","1"
"digipal_aspect","auth_group",0,"2","4","2"
"digipal_aspect","auth_permission",0,"2","4","3"
"digipal_aspect","django_migrations",0,"2","4","4"
"digipal_aspect","manuscripts_bibliographicsource",0,"2","4","5"
"digipal_aspect","manuscripts_itemformat",0,"2","4","6"
"digipal_aspect","manuscripts_repository",0,"2","4","7"
"digipal_aspect","publications_tagulous_publication_keywords",0,"2","4","8"
"digipal_aspect","scribes_hand",0,"2","4","9"
"digipal_aspect","scribes_scribe",0,"2","4","10"
"digipal_aspect_features","symbols_structure_feature",60,"1","62","1"
"digipal_aspect_features","annotations_graphcomponent_features",0,"2","4","2"
"digipal_aspect_features","symbols_structure_allographcomponentfeature",0,"2","4","3"
"digipal_aspect_features","symbols_structure_component_features",0,"2","4","4"
"digipal_aspect_features","annotations_graph",0,"1","2","5"
"digipal_aspect_features","annotations_graph_positions",0,"1","2","6"
"digipal_aspect_features","annotations_graphcomponent",0,"1","2","7"
"digipal_aspect_features","auth_group",0,"1","2","8"
"digipal_aspect_features","auth_group_permissions",0,"1","2","9"
"digipal_aspect_features","auth_permission",0,"1","2","10"
"digipal_authenticitycategory","manuscripts_imagetext",0,"3","6","1"
"digipal_authenticitycategory","publications_tagulous_publication_keywords",0,"3","6","2"
"digipal_authenticitycategory","auth_group",0,"2","4","3"
"digipal_authenticitycategory","auth_permission",0,"2","4","4"
"digipal_authenticitycategory","django_migrations",0,"2","4","5"
"digipal_authenticitycategory","manuscripts_bibliographicsource",0,"2","4","6"
"digipal_authenticitycategory","manuscripts_itemformat",0,"2","4","7"
"digipal_authenticitycategory","manuscripts_repository",0,"2","4","8"
"digipal_authenticitycategory","publications_event",0,"2","4","9"
"digipal_authenticitycategory","publications_publication",0,"2","4","10"
"digipal_carouselitem","publications_carouselitem",100,"3","106","1"
"digipal_carouselitem","manuscripts_imagetext",0,"3","6","2"
"digipal_carouselitem","manuscripts_itemimage",0,"2","4","3"
"digipal_carouselitem","publications_event",0,"2","4","4"
"digipal_carouselitem","publications_publication",0,"2","4","5"
"digipal_carouselitem","annotations_graph",0,"1","2","6"
"digipal_carouselitem","annotations_graph_positions",0,"1","2","7"
"digipal_carouselitem","annotations_graphcomponent",0,"1","2","8"
"digipal_carouselitem","annotations_graphcomponent_features",0,"1","2","9"
"digipal_carouselitem","auth_group",0,"1","2","10"
"digipal_cataloguenumber","manuscripts_cataloguenumber",100,"4","108","1"
"digipal_cataloguenumber","manuscripts_historicalitemdescription",0,"3","6","2"
"digipal_cataloguenumber","manuscripts_imagetext",0,"3","6","3"
"digipal_cataloguenumber","manuscripts_itempart",0,"2","4","4"
"digipal_cataloguenumber","manuscripts_repository",0,"2","4","5"
"digipal_cataloguenumber","publications_carouselitem",0,"2","4","6"
"digipal_cataloguenumber","annotations_graph",0,"1","2","7"
"digipal_cataloguenumber","annotations_graph_positions",0,"1","2","8"
"digipal_cataloguenumber","annotations_graphcomponent",0,"1","2","9"
"digipal_cataloguenumber","annotations_graphcomponent_features",0,"1","2","10"
"digipal_category","manuscripts_imagetext",0,"3","6","1"
"digipal_category","auth_group",0,"2","4","2"
"digipal_category","auth_permission",0,"2","4","3"
"digipal_category","django_migrations",0,"2","4","4"
"digipal_category","manuscripts_bibliographicsource",0,"2","4","5"
"digipal_category","manuscripts_itemformat",0,"2","4","6"
"digipal_category","manuscripts_repository",0,"2","4","7"
"digipal_category","publications_tagulous_publication_keywords",0,"2","4","8"
"digipal_category","scribes_hand",0,"2","4","9"
"digipal_category","scribes_scribe",0,"2","4","10"
"digipal_character","symbols_structure_character",100,"2","104","1"
"digipal_character","manuscripts_imagetext",0,"3","6","2"
"digipal_character","auth_group",0,"2","4","3"
"digipal_character","auth_permission",0,"2","4","4"
"digipal_character","django_migrations",0,"2","4","5"
"digipal_character","manuscripts_bibliographicsource",0,"2","4","6"
"digipal_character","manuscripts_itemformat",0,"2","4","7"
"digipal_character","manuscripts_repository",0,"2","4","8"
"digipal_character","publications_tagulous_publication_keywords",0,"2","4","9"
"digipal_character","scribes_hand",0,"2","4","10"
"digipal_character_components","symbols_structure_character",60,"1","62","1"
"digipal_character_components","symbols_structure_component",60,"1","62","2"
"digipal_character_components","annotations_graphcomponent",0,"2","4","3"
"digipal_character_components","symbols_structure_allograph",0,"2","4","4"
"digipal_character_components","symbols_structure_allographcomponent",0,"2","4","5"
"digipal_character_components","symbols_structure_component_features",0,"2","4","6"
"digipal_character_components","annotations_graph",0,"1","2","7"
"digipal_character_components","annotations_graph_positions",0,"1","2","8"
"digipal_character_components","annotations_graphcomponent_features",0,"1","2","9"
"digipal_character_components","auth_group",0,"1","2","10"
"digipal_characterform","symbols_structure_character",60,"2","64","1"
"digipal_characterform","auth_group",0,"2","4","2"
"digipal_characterform","auth_permission",0,"2","4","3"
"digipal_characterform","django_migrations",0,"2","4","4"
"digipal_characterform","manuscripts_bibliographicsource",0,"2","4","5"
"digipal_characterform","manuscripts_itemformat",0,"2","4","6"
"digipal_characterform","manuscripts_repository",0,"2","4","7"
"digipal_characterform","publications_tagulous_publication_keywords",0,"2","4","8"
"digipal_characterform","scribes_hand",0,"2","4","9"
"digipal_characterform","scribes_scribe",0,"2","4","10"
"digipal_collation","manuscripts_imagetext",0,"3","6","1"
"digipal_collation","manuscripts_cataloguenumber",0,"2","4","2"
"digipal_collation","manuscripts_historicalitemdescription",0,"2","4","3"
"digipal_collation","manuscripts_itempart",0,"2","4","4"
"digipal_collation","annotations_graph",0,"1","2","5"
"digipal_collation","annotations_graph_positions",0,"1","2","6"
"digipal_collation","annotations_graphcomponent",0,"1","2","7"
"digipal_collation","annotations_graphcomponent_features",0,"1","2","8"
"digipal_collation","auth_group",0,"1","2","9"
"digipal_collation","auth_group_permissions",0,"1","2","10"
"digipal_component","symbols_structure_component",100,"2","104","1"
"digipal_component","annotations_graphcomponent",60,"1","62","2"
"digipal_component","annotations_graphcomponent_features",60,"1","62","3"
"digipal_component","symbols_structure_allographcomponent",60,"1","62","4"
"digipal_component","symbols_structure_allographcomponentfeature",60,"1","62","5"
"digipal_component","symbols_structure_component_features",60,"1","62","6"
"digipal_component","manuscripts_imagetext",0,"3","6","7"
"digipal_component","auth_group",0,"2","4","8"
"digipal_component","auth_permission",0,"2","4","9"
"digipal_component","django_migrations",0,"2","4","10"
"digipal_component_features","symbols_structure_component_features",100,"3","106","1"
"digipal_component_features","annotations_graphcomponent_features",60,"2","64","2"
"digipal_component_features","symbols_structure_component",60,"1","62","3"
"digipal_component_features","symbols_structure_feature",60,"1","62","4"
"digipal_component_features","manuscripts_imagetext",0,"3","6","5"
"digipal_component_features","symbols_structure_allographcomponentfeature",0,"3","6","6"
"digipal_component_features","annotations_graphcomponent",0,"2","4","7"
"digipal_component_features","symbols_structure_allographcomponent",0,"2","4","8"
"digipal_component_features","annotations_graph",0,"1","2","9"
"digipal_component_features","annotations_graph_positions",0,"1","2","10"
"digipal_contentattribution","manuscripts_imagetext",0,"3","6","1"
"digipal_contentattribution","publications_carouselitem",0,"2","4","2"
"digipal_contentattribution","publications_event",0,"2","4","3"
"digipal_contentattribution","publications_publication",0,"2","4","4"
"digipal_contentattribution","annotations_graph",0,"1","2","5"
"digipal_contentattribution","annotations_graph_positions",0,"1","2","6"
"digipal_contentattribution","annotations_graphcomponent",0,"1","2","7"
"digipal_contentattribution","annotations_graphcomponent_features",0,"1","2","8"
"digipal_contentattribution","auth_group",0,"1","2","9"
"digipal_contentattribution","auth_group_permissions",0,"1","2","10"
"digipal_county","manuscripts_imagetext",0,"3","6","1"
"digipal_county","auth_group",0,"2","4","2"
"digipal_county","auth_permission",0,"2","4","3"
"digipal_county","django_migrations",0,"2","4","4"
"digipal_county","manuscripts_bibliographicsource",0,"2","4","5"
"digipal_county","manuscripts_itemformat",0,"2","4","6"
"digipal_county","manuscripts_repository",0,"2","4","7"
"digipal_county","publications_tagulous_publication_keywords",0,"2","4","8"
"digipal_county","scribes_hand",0,"2","4","9"
"digipal_county","scribes_scribe",0,"2","4","10"
"digipal_currentitem","manuscripts_currentitem",100,"4","108","1"
"digipal_currentitem","manuscripts_imagetext",0,"3","6","2"
"digipal_currentitem","scribes_hand",0,"2","4","3"
"digipal_currentitem","annotations_graph",0,"1","2","4"
"digipal_currentitem","annotations_graph_positions",0,"1","2","5"
"digipal_currentitem","annotations_graphcomponent",0,"1","2","6"
"digipal_currentitem","annotations_graphcomponent_features",0,"1","2","7"
"digipal_currentitem","auth_group",0,"1","2","8"
"digipal_currentitem","auth_group_permissions",0,"1","2","9"
"digipal_currentitem","auth_permission",0,"1","2","10"
"digipal_currentitem_owners","manuscripts_currentitem",60,"1","62","1"
"digipal_currentitem_owners","annotations_graph",0,"1","2","2"
"digipal_currentitem_owners","annotations_graph_positions",0,"1","2","3"
"digipal_currentitem_owners","annotations_graphcomponent",0,"1","2","4"
"digipal_currentitem_owners","annotations_graphcomponent_features",0,"1","2","5"
"digipal_currentitem_owners","auth_group",0,"1","2","6"
"digipal_currentitem_owners","auth_group_permissions",0,"1","2","7"
"digipal_currentitem_owners","auth_permission",0,"1","2","8"
"digipal_currentitem_owners","auth_user",0,"1","2","9"
"digipal_currentitem_owners","auth_user_groups",0,"1","2","10"
"digipal_date","common_date",100,"4","108","1"
"digipal_date","manuscripts_imagetext",0,"3","6","2"
"digipal_date","annotations_graph",0,"1","2","3"
"digipal_date","annotations_graph_positions",0,"1","2","4"
"digipal_date","annotations_graphcomponent",0,"1","2","5"
"digipal_date","annotations_graphcomponent_features",0,"1","2","6"
"digipal_date","auth_group",0,"1","2","7"
"digipal_date","auth_group_permissions",0,"1","2","8"
"digipal_date","auth_permission",0,"1","2","9"
"digipal_date","auth_user",0,"1","2","10"
"digipal_dateevidence","common_date",60,"1","62","1"
"digipal_dateevidence","manuscripts_imagetext",0,"3","6","2"
"digipal_dateevidence","annotations_graph",0,"2","4","3"
"digipal_dateevidence","manuscripts_cataloguenumber",0,"2","4","4"
"digipal_dateevidence","manuscripts_historicalitem",0,"2","4","5"
"digipal_dateevidence","manuscripts_historicalitemdescription",0,"2","4","6"
"digipal_dateevidence","manuscripts_itempart",0,"2","4","7"
"digipal_dateevidence","scribes_hand",0,"2","4","8"
"digipal_dateevidence","scribes_hand_item_part_images",0,"2","4","9"
"digipal_dateevidence","annotations_graph_positions",0,"1","2","10"
"digipal_decoration","manuscripts_imagetext",0,"3","6","1"
"digipal_decoration","manuscripts_cataloguenumber",0,"2","4","2"
"digipal_decoration","manuscripts_currentitem",0,"2","4","3"
"digipal_decoration","manuscripts_historicalitemdescription",0,"2","4","4"
"digipal_decoration","manuscripts_itempart",0,"2","4","5"
"digipal_decoration","scribes_hand",0,"2","4","6"
"digipal_decoration","annotations_graph",0,"1","2","7"
"digipal_decoration","annotations_graph_positions",0,"1","2","8"
"digipal_decoration","annotations_graphcomponent",0,"1","2","9"
"digipal_decoration","annotations_graphcomponent_features",0,"1","2","10"
"digipal_description","manuscripts_historicalitemdescription",60,"3","66","1"
"digipal_description","scribes_script",60,"1","62","2"
"digipal_description","manuscripts_imagetext",0,"3","6","3"
"digipal_description","manuscripts_cataloguenumber",0,"2","4","4"
"digipal_description","manuscripts_currentitem",0,"2","4","5"
"digipal_description","manuscripts_itempart",0,"2","4","6"
"digipal_description","scribes_hand",0,"2","4","7"
"digipal_description","annotations_graph",0,"1","2","8"
"digipal_description","annotations_graph_positions",0,"1","2","9"
"digipal_description","annotations_graphcomponent",0,"1","2","10"
"digipal_feature","symbols_structure_feature",100,"2","104","1"
"digipal_feature","annotations_graphcomponent_features",60,"1","62","2"
"digipal_feature","symbols_structure_allographcomponentfeature",60,"1","62","3"
"digipal_feature","symbols_structure_component_features",60,"1","62","4"
"digipal_feature","manuscripts_imagetext",0,"3","6","5"
"digipal_feature","auth_group",0,"2","4","6"
"digipal_feature","auth_permission",0,"2","4","7"
"digipal_feature","django_migrations",0,"2","4","8"
"digipal_feature","manuscripts_bibliographicsource",0,"2","4","9"
"digipal_feature","manuscripts_itemformat",0,"2","4","10"
"digipal_format","manuscripts_itemformat",60,"2","64","1"
"digipal_format","manuscripts_imagetext",0,"3","6","2"
"digipal_format","auth_group",0,"2","4","3"
"digipal_format","auth_permission",0,"2","4","4"
"digipal_format","django_migrations",0,"2","4","5"
"digipal_format","manuscripts_bibliographicsource",0,"2","4","6"
"digipal_format","manuscripts_repository",0,"2","4","7"
"digipal_format","publications_tagulous_publication_keywords",0,"2","4","8"
"digipal_format","scribes_hand",0,"2","4","9"
"digipal_format","scribes_scribe",0,"2","4","10"
"digipal_graph","annotations_graph",100,"2","104","1"
"digipal_graph","annotations_graph_positions",60,"1","62","2"
"digipal_graph","annotations_graphcomponent",60,"1","62","3"
"digipal_graph","annotations_graphcomponent_features",60,"1","62","4"
"digipal_graph","manuscripts_bibliographicsource",60,"1","62","5"
"digipal_graph","symbols_structure_allograph",60,"1","62","6"
"digipal_graph","symbols_structure_allographcomponent",60,"1","62","7"
"digipal_graph","symbols_structure_allographcomponentfeature",60,"1","62","8"
"digipal_graph","manuscripts_imagetext",0,"3","6","9"
"digipal_graph","auth_group_permissions",0,"2","4","10"
"digipal_graph_aspects","annotations_graph",60,"1","62","1"
"digipal_graph_aspects","annotations_graph_positions",0,"2","4","2"
"digipal_graph_aspects","annotations_graphcomponent",0,"2","4","3"
"digipal_graph_aspects","annotations_graphcomponent_features",0,"1","2","4"
"digipal_graph_aspects","auth_group",0,"1","2","5"
"digipal_graph_aspects","auth_group_permissions",0,"1","2","6"
"digipal_graph_aspects","auth_permission",0,"1","2","7"
"digipal_graph_aspects","auth_user",0,"1","2","8"
"digipal_graph_aspects","auth_user_groups",0,"1","2","9"
"digipal_graph_aspects","auth_user_user_permissions",0,"1","2","10"
"digipal_graphcomponent","annotations_graphcomponent",100,"3","106","1"
"digipal_graphcomponent","symbols_structure_allographcomponent",60,"2","64","2"
"digipal_graphcomponent","annotations_graph",60,"1","62","3"
"digipal_graphcomponent","annotations_graphcomponent_features",60,"1","62","4"
"digipal_graphcomponent","symbols_structure_allographcomponentfeature",60,"1","62","5"
"digipal_graphcomponent","symbols_structure_component",60,"1","62","6"
"digipal_graphcomponent","manuscripts_imagetext",0,"3","6","7"
"digipal_graphcomponent","annotations_graph_positions",0,"2","4","8"
"digipal_graphcomponent","symbols_structure_component_features",0,"2","4","9"
"digipal_graphcomponent","auth_group",0,"1","2","10"
"digipal_graphcomponent_features","annotations_graphcomponent_features",100,"3","106","1"
"digipal_graphcomponent_features","symbols_structure_component_features",60,"2","64","2"
"digipal_graphcomponent_features","annotations_graph",60,"1","62","3"
"digipal_graphcomponent_features","annotations_graphcomponent",60,"1","62","4"
"digipal_graphcomponent_features","symbols_structure_component",60,"1","62","5"
"digipal_graphcomponent_features","symbols_structure_feature",60,"1","62","6"
"digipal_graphcomponent_features","symbols_structure_allographcomponentfeature",0,"2","4","7"
"digipal_graphcomponent_features","annotations_graph_positions",0,"1","2","8"
"digipal_graphcomponent_features","auth_group",0,"1","2","9"
"digipal_graphcomponent_features","auth_group_permissions",0,"1","2","10"
"digipal_hair","manuscripts_imagetext",0,"3","6","1"
"digipal_hair","manuscripts_bibliographicsource",0,"2","4","2"
"digipal_hair","manuscripts_repository",0,"2","4","3"
"digipal_hair","annotations_graph",0,"1","2","4"
"digipal_hair","annotations_graph_positions",0,"1","2","5"
"digipal_hair","annotations_graphcomponent",0,"1","2","6"
"digipal_hair","annotations_graphcomponent_features",0,"1","2","7"
"digipal_hair","auth_group",0,"1","2","8"
"digipal_hair","auth_group_permissions",0,"1","2","9"
"digipal_hair","auth_permission",0,"1","2","10"
"digipal_hand","scribes_hand",100,"4","108","1"
"digipal_hand","scribes_hand_item_part_images",60,"1","62","2"
"digipal_hand","manuscripts_imagetext",0,"3","6","3"
"digipal_hand","manuscripts_itemimage",0,"3","6","4"
"digipal_hand","manuscripts_bibliographicsource",0,"2","4","5"
"digipal_hand","manuscripts_repository",0,"2","4","6"
"digipal_hand","annotations_graph",0,"1","2","7"
"digipal_hand","annotations_graph_positions",0,"1","2","8"
"digipal_hand","annotations_graphcomponent",0,"1","2","9"
"digipal_hand","annotations_graphcomponent_features",0,"1","2","10"
"digipal_handdescription","scribes_hand",60,"2","64","1"
"digipal_handdescription","scribes_script",60,"1","62","2"
"digipal_handdescription","manuscripts_imagetext",0,"3","6","3"
"digipal_handdescription","annotations_graph",0,"2","4","4"
"digipal_handdescription","manuscripts_bibliographicsource",0,"2","4","5"
"digipal_handdescription","manuscripts_currentitem",0,"2","4","6"
"digipal_handdescription","manuscripts_historicalitemdescription",0,"2","4","7"
"digipal_handdescription","manuscripts_repository",0,"2","4","8"
"digipal_handdescription","scribes_hand_item_part_images",0,"2","4","9"
"digipal_handdescription","annotations_graph_positions",0,"1","2","10"
"digipal_hand_images","scribes_hand",60,"1","62","1"
"digipal_hand_images","annotations_graph",0,"2","4","2"
"digipal_hand_images","scribes_hand_item_part_images",0,"2","4","3"
"digipal_hand_images","annotations_graph_positions",0,"1","2","4"
"digipal_hand_images","annotations_graphcomponent",0,"1","2","5"
"digipal_hand_images","annotations_graphcomponent_features",0,"1","2","6"
"digipal_hand_images","auth_group",0,"1","2","7"
"digipal_hand_images","auth_group_permissions",0,"1","2","8"
"digipal_hand_images","auth_permission",0,"1","2","9"
"digipal_hand_images","auth_user",0,"1","2","10"
"digipal_historicalitem","manuscripts_historicalitem",100,"1","102","1"
"digipal_historicalitem","manuscripts_historicalitemdescription",60,"1","62","2"
"digipal_historicalitem","manuscripts_imagetext",0,"3","6","3"
"digipal_historicalitem","manuscripts_repository",0,"3","6","4"
"digipal_historicalitem","auth_group",0,"2","4","5"
"digipal_historicalitem","auth_permission",0,"2","4","6"
"digipal_historicalitem","common_date",0,"2","4","7"
"digipal_historicalitem","django_migrations",0,"2","4","8"
"digipal_historicalitem","manuscripts_bibliographicsource",0,"2","4","9"
"digipal_historicalitem","manuscripts_cataloguenumber",0,"2","4","10"
"digipal_historicalitem_categories","manuscripts_historicalitem",60,"1","62","1"
"digipal_historicalitem_categories","annotations_graph",0,"1","2","2"
"digipal_historicalitem_categories","annotations_graph_positions",0,"1","2","3"
"digipal_historicalitem_categories","annotations_graphcomponent",0,"1","2","4"
"digipal_historicalitem_categories","annotations_graphcomponent_features",0,"1","2","5"
"digipal_historicalitem_categories","auth_group",0,"1","2","6"
"digipal_historicalitem_categories","auth_group_permissions",0,"1","2","7"
"digipal_historicalitem_categories","auth_permission",0,"1","2","8"
"digipal_historicalitem_categories","auth_user",0,"1","2","9"
"digipal_historicalitem_categories","auth_user_groups",0,"1","2","10"
"digipal_historicalitemdate","manuscripts_historicalitem",60,"2","64","1"
"digipal_historicalitemdate","common_date",60,"1","62","2"
"digipal_historicalitemdate","manuscripts_imagetext",0,"3","6","3"
"digipal_historicalitemdate","manuscripts_cataloguenumber",0,"2","4","4"
"digipal_historicalitemdate","manuscripts_historicalitemdescription",0,"2","4","5"
"digipal_historicalitemdate","manuscripts_itempart",0,"2","4","6"
"digipal_historicalitemdate","scribes_hand",0,"2","4","7"
"digipal_historicalitemdate","annotations_graph",0,"1","2","8"
"digipal_historicalitemdate","annotations_graph_positions",0,"1","2","9"
"digipal_historicalitemdate","annotations_graphcomponent",0,"1","2","10"
"digipal_historicalitem_owners","manuscripts_historicalitem",60,"1","62","1"
"digipal_historicalitem_owners","annotations_graph",0,"1","2","2"
"digipal_historicalitem_owners","annotations_graph_positions",0,"1","2","3"
"digipal_historicalitem_owners","annotations_graphcomponent",0,"1","2","4"
"digipal_historicalitem_owners","annotations_graphcomponent_features",0,"1","2","5"
"digipal_historicalitem_owners","auth_group",0,"1","2","6"
"digipal_historicalitem_owners","auth_group_permissions",0,"1","2","7"
"digipal_historicalitem_owners","auth_permission",0,"1","2","8"
"digipal_historicalitem_owners","auth_user",0,"1","2","9"
"digipal_historicalitem_owners","auth_user_groups",0,"1","2","10"
"digipal_historicalitemtype","manuscripts_historicalitem",60,"1","62","1"
"digipal_historicalitemtype","manuscripts_imagetext",0,"3","6","2"
"digipal_historicalitemtype","auth_group",0,"2","4","3"
"digipal_historicalitemtype","auth_permission",0,"2","4","4"
"digipal_historicalitemtype","django_migrations",0,"2","4","5"
"digipal_historicalitemtype","manuscripts_bibliographicsource",0,"2","4","6"
"digipal_historicalitemtype","manuscripts_itemformat",0,"2","4","7"
"digipal_historicalitemtype","manuscripts_repository",0,"2","4","8"
"digipal_historicalitemtype","publications_tagulous_publication_keywords",0,"2","4","9"
"digipal_historicalitemtype","scribes_hand",0,"2","4","10"
"digipal_idiograph","annotations_graph",60,"2","64","1"
"digipal_idiograph","manuscripts_imagetext",0,"3","6","2"
"digipal_idiograph","scribes_hand",0,"2","4","3"
"digipal_idiograph","symbols_structure_allographcomponent",0,"2","4","4"
"digipal_idiograph","annotations_graph_positions",0,"1","2","5"
"digipal_idiograph","annotations_graphcomponent",0,"1","2","6"
"digipal_idiograph","annotations_graphcomponent_features",0,"1","2","7"
"digipal_idiograph","auth_group",0,"1","2","8"
"digipal_idiograph","auth_group_permissions",0,"1","2","9"
"digipal_idiograph","auth_permission",0,"1","2","10"
"digipal_idiograph_aspects","annotations_graph",60,"1","62","1"
"digipal_idiograph_aspects","annotations_graph_positions",0,"1","2","2"
"digipal_idiograph_aspects","annotations_graphcomponent",0,"1","2","3"
"digipal_idiograph_aspects","annotations_graphcomponent_features",0,"1","2","4"
"digipal_idiograph_aspects","auth_group",0,"1","2","5"
"digipal_idiograph_aspects","auth_group_permissions",0,"1","2","6"
"digipal_idiograph_aspects","auth_permission",0,"1","2","7"
"digipal_idiograph_aspects","auth_user",0,"1","2","8"
"digipal_idiograph_aspects","auth_user_groups",0,"1","2","9"
"digipal_idiograph_aspects","auth_user_user_permissions",0,"1","2","10"
"digipal_idiographcomponent","annotations_graphcomponent",60,"2","64","1"
"digipal_idiographcomponent","annotations_graph",60,"1","62","2"
"digipal_idiographcomponent","symbols_structure_component",60,"1","62","3"
"digipal_idiographcomponent","manuscripts_imagetext",0,"3","6","4"
"digipal_idiographcomponent","symbols_structure_allographcomponent",0,"2","4","5"
"digipal_idiographcomponent","symbols_structure_component_features",0,"2","4","6"
"digipal_idiographcomponent","annotations_graph_positions",0,"1","2","7"
"digipal_idiographcomponent","annotations_graphcomponent_features",0,"1","2","8"
"digipal_idiographcomponent","auth_group",0,"1","2","9"
"digipal_idiographcomponent","auth_group_permissions",0,"1","2","10"
"digipal_idiographcomponent_features","annotations_graphcomponent_features",60,"2","64","1"
"digipal_idiographcomponent_features","symbols_structure_component_features",60,"2","64","2"
"digipal_idiographcomponent_features","annotations_graph",60,"1","62","3"
"digipal_idiographcomponent_features","annotations_graphcomponent",60,"1","62","4"
"digipal_idiographcomponent_features","symbols_structure_component",60,"1","62","5"
"digipal_idiographcomponent_features","symbols_structure_feature",60,"1","62","6"
"digipal_idiographcomponent_features","symbols_structure_allographcomponentfeature",0,"2","4","7"
"digipal_idiographcomponent_features","annotations_graph_positions",0,"1","2","8"
"digipal_idiographcomponent_features","auth_group",0,"1","2","9"
"digipal_idiographcomponent_features","auth_group_permissions",0,"1","2","10"
"digipal_image","manuscripts_itemimage",60,"4","68","1"
"digipal_image","manuscripts_imagetext",60,"3","66","2"
"digipal_image","scribes_hand_item_part_images",60,"1","62","3"
"digipal_image","manuscripts_itempart",0,"2","4","4"
"digipal_image","publications_carouselitem",0,"2","4","5"
"digipal_image","scribes_hand",0,"2","4","6"
"digipal_image","annotations_graph",0,"1","2","7"
"digipal_image","annotations_graph_positions",0,"1","2","8"
"digipal_image","annotations_graphcomponent",0,"1","2","9"
"digipal_image","annotations_graphcomponent_features",0,"1","2","10"
"digipal_imageannotationstatus","manuscripts_imagetext",0,"3","6","1"
"digipal_imageannotationstatus","auth_group",0,"2","4","2"
"digipal_imageannotationstatus","auth_permission",0,"2","4","3"
"digipal_imageannotationstatus","django_migrations",0,"2","4","4"
"digipal_imageannotationstatus","manuscripts_bibliographicsource",0,"2","4","5"
"digipal_imageannotationstatus","manuscripts_itemformat",0,"2","4","6"
"digipal_imageannotationstatus","manuscripts_repository",0,"2","4","7"
"digipal_imageannotationstatus","publications_tagulous_publication_keywords",0,"2","4","8"
"digipal_imageannotationstatus","scribes_hand",0,"2","4","9"
"digipal_imageannotationstatus","scribes_scribe",0,"2","4","10"
"digipal_institution","manuscripts_imagetext",0,"3","6","1"
"digipal_institution","auth_group",0,"2","4","2"
"digipal_institution","auth_permission",0,"2","4","3"
"digipal_institution","django_migrations",0,"2","4","4"
"digipal_institution","manuscripts_bibliographicsource",0,"2","4","5"
"digipal_institution","manuscripts_itemformat",0,"2","4","6"
"digipal_institution","manuscripts_repository",0,"2","4","7"
"digipal_institution","publications_tagulous_publication_keywords",0,"2","4","8"
"digipal_institution","scribes_hand",0,"2","4","9"
"digipal_institution","scribes_scribe",0,"2","4","10"
"digipal_institutiontype","manuscripts_imagetext",0,"3","6","1"
"digipal_institutiontype","auth_group",0,"2","4","2"
"digipal_institutiontype","auth_permission",0,"2","4","3"
"digipal_institutiontype","django_migrations",0,"2","4","4"
"digipal_institutiontype","manuscripts_bibliographicsource",0,"2","4","5"
"digipal_institutiontype","manuscripts_itemformat",0,"2","4","6"
"digipal_institutiontype","manuscripts_repository",0,"2","4","7"
"digipal_institutiontype","publications_tagulous_publication_keywords",0,"2","4","8"
"digipal_institutiontype","scribes_hand",0,"2","4","9"
"digipal_institutiontype","scribes_scribe",0,"2","4","10"
"digipal_itemorigin","manuscripts_imagetext",0,"3","6","1"
"digipal_itemorigin","manuscripts_cataloguenumber",0,"2","4","2"
"digipal_itemorigin","manuscripts_historicalitemdescription",0,"2","4","3"
"digipal_itemorigin","manuscripts_itempart",0,"2","4","4"
"digipal_itemorigin","annotations_graph",0,"1","2","5"
"digipal_itemorigin","annotations_graph_positions",0,"1","2","6"
"digipal_itemorigin","annotations_graphcomponent",0,"1","2","7"
"digipal_itemorigin","annotations_graphcomponent_features",0,"1","2","8"
"digipal_itemorigin","auth_group",0,"1","2","9"
"digipal_itemorigin","auth_group_permissions",0,"1","2","10"
"digipal_itempart","manuscripts_itempart",100,"3","106","1"
"digipal_itempart","manuscripts_imagetext",0,"3","6","2"
"digipal_itempart","auth_group_permissions",0,"2","4","3"
"digipal_itempart","auth_user_groups",0,"2","4","4"
"digipal_itempart","manuscripts_itemimage",0,"2","4","5"
"digipal_itempart","annotations_graph",0,"1","2","6"
"digipal_itempart","annotations_graph_positions",0,"1","2","7"
"digipal_itempart","annotations_graphcomponent",0,"1","2","8"
"digipal_itempart","annotations_graphcomponent_features",0,"1","2","9"
"digipal_itempart","auth_group",0,"1","2","10"
"digipal_itempartauthenticity","manuscripts_itempart",60,"1","62","1"
"digipal_itempartauthenticity","manuscripts_imagetext",0,"3","6","2"
"digipal_itempartauthenticity","manuscripts_historicalitemdescription",0,"2","4","3"
"digipal_itempartauthenticity","manuscripts_itemimage",0,"2","4","4"
"digipal_itempartauthenticity","scribes_hand",0,"2","4","5"
"digipal_itempartauthenticity","annotations_graph",0,"1","2","6"
"digipal_itempartauthenticity","annotations_graph_positions",0,"1","2","7"
"digipal_itempartauthenticity","annotations_graphcomponent",0,"1","2","8"
"digipal_itempartauthenticity","annotations_graphcomponent_features",0,"1","2","9"
"digipal_itempartauthenticity","auth_group",0,"1","2","10"
"digipal_itempartitem","manuscripts_itempart",60,"2","64","1"
"digipal_itempartitem","manuscripts_imagetext",0,"3","6","2"
"digipal_itempartitem","manuscripts_itemimage",0,"3","6","3"
"digipal_itempartitem","manuscripts_cataloguenumber",0,"2","4","4"
"digipal_itempartitem","manuscripts_historicalitemdescription",0,"2","4","5"
"digipal_itempartitem","scribes_hand",0,"2","4","6"
"digipal_itempartitem","annotations_graph",0,"1","2","7"
"digipal_itempartitem","annotations_graph_positions",0,"1","2","8"
"digipal_itempartitem","annotations_graphcomponent",0,"1","2","9"
"digipal_itempartitem","annotations_graphcomponent_features",0,"1","2","10"
"digipal_itempart_owners","manuscripts_itempart",60,"1","62","1"
"digipal_itempart_owners","annotations_graph",0,"1","2","2"
"digipal_itempart_owners","annotations_graph_positions",0,"1","2","3"
"digipal_itempart_owners","annotations_graphcomponent",0,"1","2","4"
"digipal_itempart_owners","annotations_graphcomponent_features",0,"1","2","5"
"digipal_itempart_owners","auth_group",0,"1","2","6"
"digipal_itempart_owners","auth_group_permissions",0,"1","2","7"
"digipal_itempart_owners","auth_permission",0,"1","2","8"
"digipal_itempart_owners","auth_user",0,"1","2","9"
"digipal_itempart_owners","auth_user_groups",0,"1","2","10"
"digipal_itemparttype","manuscripts_itempart",60,"1","62","1"
"digipal_itemparttype","manuscripts_imagetext",0,"3","6","2"
"digipal_itemparttype","auth_group",0,"2","4","3"
"digipal_itemparttype","auth_permission",0,"2","4","4"
"digipal_itemparttype","django_migrations",0,"2","4","5"
"digipal_itemparttype","manuscripts_bibliographicsource",0,"2","4","6"
"digipal_itemparttype","manuscripts_itemformat",0,"2","4","7"
"digipal_itemparttype","manuscripts_repository",0,"2","4","8"
"digipal_itemparttype","publications_tagulous_publication_keywords",0,"2","4","9"
"digipal_itemparttype","scribes_hand",0,"2","4","10"
"digipal_keyval","manuscripts_imagetext",0,"3","6","1"
"digipal_keyval","authtoken_token",0,"2","4","2"
"digipal_keyval","annotations_graph",0,"1","2","3"
"digipal_keyval","annotations_graph_positions",0,"1","2","4"
"digipal_keyval","annotations_graphcomponent",0,"1","2","5"
"digipal_keyval","annotations_graphcomponent_features",0,"1","2","6"
"digipal_keyval","auth_group",0,"1","2","7"
"digipal_keyval","auth_group_permissions",0,"1","2","8"
"digipal_keyval","auth_permission",0,"1","2","9"
"digipal_keyval","auth_user",0,"1","2","10"
"digipal_language","manuscripts_imagetext",0,"3","6","1"
"digipal_language","auth_group",0,"2","4","2"
"digipal_language","auth_permission",0,"2","4","3"
"digipal_language","django_migrations",0,"2","4","4"
"digipal_language","manuscripts_bibliographicsource",0,"2","4","5"
"digipal_language","manuscripts_itemformat",0,"2","4","6"
"digipal_language","manuscripts_repository",0,"2","4","7"
"digipal_language","publications_tagulous_publication_keywords",0,"2","4","8"
"digipal_language","scribes_hand",0,"2","4","9"
"digipal_language","scribes_scribe",0,"2","4","10"
"digipal_latinstyle","manuscripts_imagetext",0,"3","6","1"
"digipal_latinstyle","annotations_graph",0,"1","2","2"
"digipal_latinstyle","annotations_graph_positions",0,"1","2","3"
"digipal_latinstyle","annotations_graphcomponent",0,"1","2","4"
"digipal_latinstyle","annotations_graphcomponent_features",0,"1","2","5"
"digipal_latinstyle","auth_group",0,"1","2","6"
"digipal_latinstyle","auth_group_permissions",0,"1","2","7"
"digipal_latinstyle","auth_permission",0,"1","2","8"
"digipal_latinstyle","auth_user",0,"1","2","9"
"digipal_latinstyle","auth_user_groups",0,"1","2","10"
"digipal_layout","manuscripts_imagetext",0,"3","6","1"
"digipal_layout","manuscripts_cataloguenumber",0,"2","4","2"
"digipal_layout","manuscripts_historicalitemdescription",0,"2","4","3"
"digipal_layout","manuscripts_itemimage",0,"2","4","4"
"digipal_layout","manuscripts_itempart",0,"2","4","5"
"digipal_layout","scribes_hand",0,"2","4","6"
"digipal_layout","annotations_graph",0,"1","2","7"
"digipal_layout","annotations_graph_positions",0,"1","2","8"
"digipal_layout","annotations_graphcomponent",0,"1","2","9"
"digipal_layout","annotations_graphcomponent_features",0,"1","2","10"
"digipal_measurement","manuscripts_imagetext",0,"3","6","1"
"digipal_measurement","manuscripts_bibliographicsource",0,"2","4","2"
"digipal_measurement","manuscripts_repository",0,"2","4","3"
"digipal_measurement","annotations_graph",0,"1","2","4"
"digipal_measurement","annotations_graph_positions",0,"1","2","5"
"digipal_measurement","annotations_graphcomponent",0,"1","2","6"
"digipal_measurement","annotations_graphcomponent_features",0,"1","2","7"
"digipal_measurement","auth_group",0,"1","2","8"
"digipal_measurement","auth_group_permissions",0,"1","2","9"
"digipal_measurement","auth_permission",0,"1","2","10"
"digipal_mediapermission","auth_permission",60,"1","62","1"
"digipal_mediapermission","manuscripts_bibliographicsource",0,"2","4","2"
"digipal_mediapermission","manuscripts_repository",0,"2","4","3"
"digipal_mediapermission","annotations_graph",0,"1","2","4"
"digipal_mediapermission","annotations_graph_positions",0,"1","2","5"
"digipal_mediapermission","annotations_graphcomponent",0,"1","2","6"
"digipal_mediapermission","annotations_graphcomponent_features",0,"1","2","7"
"digipal_mediapermission","auth_group",0,"1","2","8"
"digipal_mediapermission","auth_group_permissions",0,"1","2","9"
"digipal_mediapermission","auth_user",0,"1","2","10"
"digipal_ontograph","annotations_graph",60,"1","62","1"
"digipal_ontograph","manuscripts_imagetext",0,"3","6","2"
"digipal_ontograph","auth_group",0,"2","4","3"
"digipal_ontograph","auth_permission",0,"2","4","4"
"digipal_ontograph","django_migrations",0,"2","4","5"
"digipal_ontograph","manuscripts_bibliographicsource",0,"2","4","6"
"digipal_ontograph","manuscripts_itemformat",0,"2","4","7"
"digipal_ontograph","manuscripts_repository",0,"2","4","8"
"digipal_ontograph","publications_tagulous_publication_keywords",0,"2","4","9"
"digipal_ontograph","scribes_hand",0,"2","4","10"
"digipal_ontographtype","annotations_graph",60,"1","62","1"
"digipal_ontographtype","manuscripts_imagetext",0,"3","6","2"
"digipal_ontographtype","auth_group",0,"2","4","3"
"digipal_ontographtype","auth_permission",0,"2","4","4"
"digipal_ontographtype","django_migrations",0,"2","4","5"
"digipal_ontographtype","manuscripts_bibliographicsource",0,"2","4","6"
"digipal_ontographtype","manuscripts_itemformat",0,"2","4","7"
"digipal_ontographtype","manuscripts_repository",0,"2","4","8"
"digipal_ontographtype","publications_tagulous_publication_keywords",0,"2","4","9"
"digipal_ontographtype","scribes_hand",0,"2","4","10"
"digipal_owner","manuscripts_imagetext",0,"3","6","1"
"digipal_owner","common_date",0,"2","4","2"
"digipal_owner","manuscripts_currentitem",0,"2","4","3"
"digipal_owner","annotations_graph",0,"1","2","4"
"digipal_owner","annotations_graph_positions",0,"1","2","5"
"digipal_owner","annotations_graphcomponent",0,"1","2","6"
"digipal_owner","annotations_graphcomponent_features",0,"1","2","7"
"digipal_owner","auth_group",0,"1","2","8"
"digipal_owner","auth_group_permissions",0,"1","2","9"
"digipal_owner","auth_permission",0,"1","2","10"
"digipal_ownertype","manuscripts_imagetext",0,"3","6","1"
"digipal_ownertype","auth_group",0,"2","4","2"
"digipal_ownertype","auth_permission",0,"2","4","3"
"digipal_ownertype","django_migrations",0,"2","4","4"
"digipal_ownertype","manuscripts_bibliographicsource",0,"2","4","5"
"digipal_ownertype","manuscripts_itemformat",0,"2","4","6"
"digipal_ownertype","manuscripts_repository",0,"2","4","7"
"digipal_ownertype","publications_tagulous_publication_keywords",0,"2","4","8"
"digipal_ownertype","scribes_hand",0,"2","4","9"
"digipal_ownertype","scribes_scribe",0,"2","4","10"
"digipal_person","manuscripts_imagetext",0,"3","6","1"
"digipal_person","auth_group",0,"2","4","2"
"digipal_person","auth_permission",0,"2","4","3"
"digipal_person","django_migrations",0,"2","4","4"
"digipal_person","manuscripts_bibliographicsource",0,"2","4","5"
"digipal_person","manuscripts_itemformat",0,"2","4","6"
"digipal_person","manuscripts_repository",0,"2","4","7"
"digipal_person","publications_tagulous_publication_keywords",0,"2","4","8"
"digipal_person","scribes_hand",0,"2","4","9"
"digipal_person","scribes_scribe",0,"2","4","10"
"digipal_place","manuscripts_imagetext",0,"3","6","1"
"digipal_place","auth_group",0,"2","4","2"
"digipal_place","auth_permission",0,"2","4","3"
"digipal_place","django_migrations",0,"2","4","4"
"digipal_place","manuscripts_bibliographicsource",0,"2","4","5"
"digipal_place","manuscripts_itemformat",0,"2","4","6"
"digipal_place","manuscripts_repository",0,"2","4","7"
"digipal_place","publications_tagulous_publication_keywords",0,"2","4","8"
"digipal_place","scribes_hand",0,"2","4","9"
"digipal_place","scribes_scribe",0,"2","4","10"
"digipal_placeevidence","manuscripts_imagetext",0,"3","6","1"
"digipal_placeevidence","annotations_graph",0,"2","4","2"
"digipal_placeevidence","manuscripts_cataloguenumber",0,"2","4","3"
"digipal_placeevidence","manuscripts_historicalitemdescription",0,"2","4","4"
"digipal_placeevidence","manuscripts_itempart",0,"2","4","5"
"digipal_placeevidence","scribes_hand_item_part_images",0,"2","4","6"
"digipal_placeevidence","annotations_graph_positions",0,"1","2","7"
"digipal_placeevidence","annotations_graphcomponent",0,"1","2","8"
"digipal_placeevidence","annotations_graphcomponent_features",0,"1","2","9"
"digipal_placeevidence","auth_group",0,"1","2","10"
"digipal_placetype","manuscripts_imagetext",0,"3","6","1"
"digipal_placetype","auth_group",0,"2","4","2"
"digipal_placetype","auth_permission",0,"2","4","3"
"digipal_placetype","django_migrations",0,"2","4","4"
"digipal_placetype","manuscripts_bibliographicsource",0,"2","4","5"
"digipal_placetype","manuscripts_itemformat",0,"2","4","6"
"digipal_placetype","manuscripts_repository",0,"2","4","7"
"digipal_placetype","publications_tagulous_publication_keywords",0,"2","4","8"
"digipal_placetype","scribes_hand",0,"2","4","9"
"digipal_placetype","scribes_scribe",0,"2","4","10"
"digipal_proportion","manuscripts_imagetext",0,"3","6","1"
"digipal_proportion","annotations_graph",0,"2","4","2"
"digipal_proportion","manuscripts_currentitem",0,"2","4","3"
"digipal_proportion","scribes_hand",0,"2","4","4"
"digipal_proportion","scribes_hand_item_part_images",0,"2","4","5"
"digipal_proportion","annotations_graph_positions",0,"1","2","6"
"digipal_proportion","annotations_graphcomponent",0,"1","2","7"
"digipal_proportion","annotations_graphcomponent_features",0,"1","2","8"
"digipal_proportion","auth_group",0,"1","2","9"
"digipal_proportion","auth_group_permissions",0,"1","2","10"
"digipal_reference","manuscripts_imagetext",0,"3","6","1"
"digipal_reference","auth_group",0,"2","4","2"
"digipal_reference","auth_permission",0,"2","4","3"
"digipal_reference","django_migrations",0,"2","4","4"
"digipal_reference","manuscripts_bibliographicsource",0,"2","4","5"
"digipal_reference","manuscripts_itemformat",0,"2","4","6"
"digipal_reference","manuscripts_repository",0,"2","4","7"
"digipal_reference","publications_tagulous_publication_keywords",0,"2","4","8"
"digipal_reference","scribes_hand",0,"2","4","9"
"digipal_reference","scribes_scribe",0,"2","4","10"
"digipal_region","manuscripts_imagetext",0,"3","6","1"
"digipal_region","auth_group",0,"2","4","2"
"digipal_region","auth_permission",0,"2","4","3"
"digipal_region","django_migrations",0,"2","4","4"
"digipal_region","manuscripts_bibliographicsource",0,"2","4","5"
"digipal_region","manuscripts_itemformat",0,"2","4","6"
"digipal_region","manuscripts_repository",0,"2","4","7"
"digipal_region","publications_tagulous_publication_keywords",0,"2","4","8"
"digipal_region","scribes_hand",0,"2","4","9"
"digipal_region","scribes_scribe",0,"2","4","10"
"digipal_repository","manuscripts_repository",100,"3","106","1"
"digipal_repository","manuscripts_imagetext",0,"3","6","2"
"digipal_repository","auth_group",0,"2","4","3"
"digipal_repository","auth_permission",0,"2","4","4"
"digipal_repository","django_migrations",0,"2","4","5"
"digipal_repository","manuscripts_bibliographicsource",0,"2","4","6"
"digipal_repository","manuscripts_cataloguenumber",0,"2","4","7"
"digipal_repository","manuscripts_itemformat",0,"2","4","8"
"digipal_repository","publications_carouselitem",0,"2","4","9"
"digipal_repository","publications_tagulous_publication_keywords",0,"2","4","10"
"digipal_requestlog","manuscripts_imagetext",0,"2","4","1"
"digipal_requestlog","annotations_graph",0,"1","2","2"
"digipal_requestlog","annotations_graph_positions",0,"1","2","3"
"digipal_requestlog","annotations_graphcomponent",0,"1","2","4"
"digipal_requestlog","annotations_graphcomponent_features",0,"1","2","5"
"digipal_requestlog","auth_group",0,"1","2","6"
"digipal_requestlog","auth_group_permissions",0,"1","2","7"
"digipal_requestlog","auth_permission",0,"1","2","8"
"digipal_requestlog","auth_user",0,"1","2","9"
"digipal_requestlog","auth_user_groups",0,"1","2","10"
"digipal_scribe","scribes_scribe",100,"2","104","1"
"digipal_scribe","manuscripts_imagetext",0,"3","6","2"
"digipal_scribe","auth_group",0,"2","4","3"
"digipal_scribe","auth_permission",0,"2","4","4"
"digipal_scribe","common_date",0,"2","4","5"
"digipal_scribe","django_migrations",0,"2","4","6"
"digipal_scribe","manuscripts_bibliographicsource",0,"2","4","7"
"digipal_scribe","manuscripts_itemformat",0,"2","4","8"
"digipal_scribe","manuscripts_repository",0,"2","4","9"
"digipal_scribe","publications_tagulous_publication_keywords",0,"2","4","10"
"digipal_scribe_reference","scribes_scribe",60,"1","62","1"
"digipal_scribe_reference","scribes_hand",0,"2","4","2"
"digipal_scribe_reference","annotations_graph",0,"1","2","3"
"digipal_scribe_reference","annotations_graph_positions",0,"1","2","4"
"digipal_scribe_reference","annotations_graphcomponent",0,"1","2","5"
"digipal_scribe_reference","annotations_graphcomponent_features",0,"1","2","6"
"digipal_scribe_reference","auth_group",0,"1","2","7"
"digipal_scribe_reference","auth_group_permissions",0,"1","2","8"
"digipal_scribe_reference","auth_permission",0,"1","2","9"
"digipal_scribe_reference","auth_user",0,"1","2","10"
"digipal_script","scribes_script",100,"2","104","1"
"digipal_script","manuscripts_historicalitemdescription",60,"1","62","2"
"digipal_script","manuscripts_imagetext",0,"3","6","3"
"digipal_script","auth_group",0,"2","4","4"
"digipal_script","auth_permission",0,"2","4","5"
"digipal_script","django_migrations",0,"2","4","6"
"digipal_script","manuscripts_bibliographicsource",0,"2","4","7"
"digipal_script","manuscripts_itemformat",0,"2","4","8"
"digipal_script","manuscripts_repository",0,"2","4","9"
"digipal_script","publications_tagulous_publication_keywords",0,"2","4","10"
"digipal_script_allographs","annotations_graph",60,"2","64","1"
"digipal_script_allographs","scribes_script",60,"1","62","2"
"digipal_script_allographs","symbols_structure_allograph",60,"1","62","3"
"digipal_script_allographs","scribes_hand",0,"2","4","4"
"digipal_script_allographs","symbols_structure_allographcomponent",0,"2","4","5"
"digipal_script_allographs","annotations_graph_positions",0,"1","2","6"
"digipal_script_allographs","annotations_graphcomponent",0,"1","2","7"
"digipal_script_allographs","annotations_graphcomponent_features",0,"1","2","8"
"digipal_script_allographs","auth_group",0,"1","2","9"
"digipal_script_allographs","auth_group_permissions",0,"1","2","10"
"digipal_scriptcomponent","scribes_script",60,"1","62","1"
"digipal_scriptcomponent","symbols_structure_component",60,"1","62","2"
"digipal_scriptcomponent","manuscripts_imagetext",0,"3","6","3"
"digipal_scriptcomponent","annotations_graphcomponent",0,"2","4","4"
"digipal_scriptcomponent","scribes_hand",0,"2","4","5"
"digipal_scriptcomponent","symbols_structure_allographcomponent",0,"2","4","6"
"digipal_scriptcomponent","symbols_structure_component_features",0,"2","4","7"
"digipal_scriptcomponent","annotations_graph",0,"1","2","8"
"digipal_scriptcomponent","annotations_graph_positions",0,"1","2","9"
"digipal_scriptcomponent","annotations_graphcomponent_features",0,"1","2","10"
"digipal_scriptcomponent_features","symbols_structure_component_features",60,"2","64","1"
"digipal_scriptcomponent_features","scribes_script",60,"1","62","2"
"digipal_scriptcomponent_features","symbols_structure_component",60,"1","62","3"
"digipal_scriptcomponent_features","symbols_structure_feature",60,"1","62","4"
"digipal_scriptcomponent_features","annotations_graphcomponent_features",0,"2","4","5"
"digipal_scriptcomponent_features","symbols_structure_allographcomponentfeature",0,"2","4","6"
"digipal_scriptcomponent_features","annotations_graph",0,"1","2","7"
"digipal_scriptcomponent_features","annotations_graph_positions",0,"1","2","8"
"digipal_scriptcomponent_features","annotations_graphcomponent",0,"1","2","9"
"digipal_scriptcomponent_features","auth_group",0,"1","2","10"
"digipal_source","manuscripts_bibliographicsource",60,"3","66","1"
"digipal_source","manuscripts_imagetext",0,"3","6","2"
"digipal_source","manuscripts_repository",0,"3","6","3"
"digipal_source","auth_group",0,"2","4","4"
"digipal_source","auth_permission",0,"2","4","5"
"digipal_source","django_migrations",0,"2","4","6"
"digipal_source","manuscripts_itemformat",0,"2","4","7"
"digipal_source","publications_tagulous_publication_keywords",0,"2","4","8"
"digipal_source","scribes_hand",0,"2","4","9"
"digipal_source","scribes_scribe",0,"2","4","10"
"digipal_status","manuscripts_imagetext",0,"3","6","1"
"digipal_status","auth_group",0,"2","4","2"
"digipal_status","auth_permission",0,"2","4","3"
"digipal_status","django_migrations",0,"2","4","4"
"digipal_status","manuscripts_bibliographicsource",0,"2","4","5"
"digipal_status","manuscripts_itemformat",0,"2","4","6"
"digipal_status","manuscripts_repository",0,"2","4","7"
"digipal_status","publications_tagulous_publication_keywords",0,"2","4","8"
"digipal_status","scribes_hand",0,"2","4","9"
"digipal_status","scribes_scribe",0,"2","4","10"
"digipal_stewartrecord","manuscripts_itemimage",0,"2","4","1"
"digipal_stewartrecord","annotations_graph",0,"1","2","2"
"digipal_stewartrecord","annotations_graph_positions",0,"1","2","3"
"digipal_stewartrecord","annotations_graphcomponent",0,"1","2","4"
"digipal_stewartrecord","annotations_graphcomponent_features",0,"1","2","5"
"digipal_stewartrecord","auth_group",0,"1","2","6"
"digipal_stewartrecord","auth_group_permissions",0,"1","2","7"
"digipal_stewartrecord","auth_permission",0,"1","2","8"
"digipal_stewartrecord","auth_user",0,"1","2","9"
"digipal_stewartrecord","auth_user_groups",0,"1","2","10"
"digipal_text","manuscripts_imagetext",60,"3","66","1"
"digipal_text","manuscripts_repository",0,"3","6","2"
"digipal_text","auth_group",0,"2","4","3"
"digipal_text","auth_permission",0,"2","4","4"
"digipal_text","common_date",0,"2","4","5"
"digipal_text","django_migrations",0,"2","4","6"
"digipal_text","manuscripts_bibliographicsource",0,"2","4","7"
"digipal_text","manuscripts_cataloguenumber",0,"2","4","8"
"digipal_text","manuscripts_itemformat",0,"2","4","9"
"digipal_text","publications_carouselitem",0,"2","4","10"
"digipal_text_categories","annotations_graph",0,"1","2","1"
"digipal_text_categories","annotations_graph_positions",0,"1","2","2"
"digipal_text_categories","annotations_graphcomponent",0,"1","2","3"
"digipal_text_categories","annotations_graphcomponent_features",0,"1","2","4"
"digipal_text_categories","auth_group",0,"1","2","5"
"digipal_text_categories","auth_group_permissions",0,"1","2","6"
"digipal_text_categories","auth_permission",0,"1","2","7"
"digipal_text_categories","auth_user",0,"1","2","8"
"digipal_text_categories","auth_user_groups",0,"1","2","9"
"digipal_text_categories","auth_user_user_permissions",0,"1","2","10"
"digipal_text_entryhand","scribes_hand",60,"2","64","1"
"digipal_text_entryhand","manuscripts_imagetext",0,"3","6","2"
"digipal_text_entryhand","manuscripts_itemimage",0,"2","4","3"
"digipal_text_entryhand","annotations_graph",0,"1","2","4"
"digipal_text_entryhand","annotations_graph_positions",0,"1","2","5"
"digipal_text_entryhand","annotations_graphcomponent",0,"1","2","6"
"digipal_text_entryhand","annotations_graphcomponent_features",0,"1","2","7"
"digipal_text_entryhand","auth_group",0,"1","2","8"
"digipal_text_entryhand","auth_group_permissions",0,"1","2","9"
"digipal_text_entryhand","auth_permission",0,"1","2","10"
"digipal_textitempart","manuscripts_itempart",60,"1","62","1"
"digipal_textitempart","manuscripts_imagetext",0,"3","6","2"
"digipal_textitempart","manuscripts_itemimage",0,"3","6","3"
"digipal_textitempart","scribes_hand",0,"3","6","4"
"digipal_textitempart","auth_group",0,"2","4","5"
"digipal_textitempart","auth_permission",0,"2","4","6"
"digipal_textitempart","common_date",0,"2","4","7"
"digipal_textitempart","django_migrations",0,"2","4","8"
"digipal_textitempart","manuscripts_bibliographicsource",0,"2","4","9"
"digipal_textitempart","manuscripts_itemformat",0,"2","4","10"
"digipal_text_languages","annotations_graph",0,"1","2","1"
"digipal_text_languages","annotations_graph_positions",0,"1","2","2"
"digipal_text_languages","annotations_graphcomponent",0,"1","2","3"
"digipal_text_languages","annotations_graphcomponent_features",0,"1","2","4"
"digipal_text_languages","auth_group",0,"1","2","5"
"digipal_text_languages","auth_group_permissions",0,"1","2","6"
"digipal_text_languages","auth_permission",0,"1","2","7"
"digipal_text_languages","auth_user",0,"1","2","8"
"digipal_text_languages","auth_user_groups",0,"1","2","9"
"digipal_text_languages","auth_user_user_permissions",0,"1","2","10"
"digipal_text_textannotation","manuscripts_imagetext",0,"3","6","1"
"digipal_text_textannotation","annotations_graph",0,"1","2","2"
"digipal_text_textannotation","annotations_graph_positions",0,"1","2","3"
"digipal_text_textannotation","annotations_graphcomponent",0,"1","2","4"
"digipal_text_textannotation","annotations_graphcomponent_features",0,"1","2","5"
"digipal_text_textannotation","auth_group",0,"1","2","6"
"digipal_text_textannotation","auth_group_permissions",0,"1","2","7"
"digipal_text_textannotation","auth_permission",0,"1","2","8"
"digipal_text_textannotation","auth_user",0,"1","2","9"
"digipal_text_textannotation","auth_user_groups",0,"1","2","10"
"digipal_text_textcontent","manuscripts_imagetext",0,"3","6","1"
"digipal_text_textcontent","manuscripts_itemimage",0,"2","4","2"
"digipal_text_textcontent","scribes_hand",0,"2","4","3"
"digipal_text_textcontent","annotations_graph",0,"1","2","4"
"digipal_text_textcontent","annotations_graph_positions",0,"1","2","5"
"digipal_text_textcontent","annotations_graphcomponent",0,"1","2","6"
"digipal_text_textcontent","annotations_graphcomponent_features",0,"1","2","7"
"digipal_text_textcontent","auth_group",0,"1","2","8"
"digipal_text_textcontent","auth_group_permissions",0,"1","2","9"
"digipal_text_textcontent","auth_permission",0,"1","2","10"
"digipal_text_textcontent_languages","annotations_graph",0,"1","2","1"
"digipal_text_textcontent_languages","annotations_graph_positions",0,"1","2","2"
"digipal_text_textcontent_languages","annotations_graphcomponent",0,"1","2","3"
"digipal_text_textcontent_languages","annotations_graphcomponent_features",0,"1","2","4"
"digipal_text_textcontent_languages","auth_group",0,"1","2","5"
"digipal_text_textcontent_languages","auth_group_permissions",0,"1","2","6"
"digipal_text_textcontent_languages","auth_permission",0,"1","2","7"
"digipal_text_textcontent_languages","auth_user",0,"1","2","8"
"digipal_text_textcontent_languages","auth_user_groups",0,"1","2","9"
"digipal_text_textcontent_languages","auth_user_user_permissions",0,"1","2","10"
"digipal_text_textcontenttype","manuscripts_imagetext",0,"3","6","1"
"digipal_text_textcontenttype","publications_tagulous_publication_keywords",0,"3","6","2"
"digipal_text_textcontenttype","auth_group",0,"2","4","3"
"digipal_text_textcontenttype","auth_permission",0,"2","4","4"
"digipal_text_textcontenttype","django_migrations",0,"2","4","5"
"digipal_text_textcontenttype","manuscripts_bibliographicsource",0,"2","4","6"
"digipal_text_textcontenttype","manuscripts_itemformat",0,"2","4","7"
"digipal_text_textcontenttype","manuscripts_repository",0,"2","4","8"
"digipal_text_textcontenttype","publications_event",0,"2","4","9"
"digipal_text_textcontenttype","publications_publication",0,"2","4","10"
"digipal_text_textcontentxml","manuscripts_imagetext",0,"4","8","1"
"digipal_text_textcontentxml","manuscripts_historicalitemdescription",0,"2","4","2"
"digipal_text_textcontentxml","publications_comment",0,"2","4","3"
"digipal_text_textcontentxml","publications_event",0,"2","4","4"
"digipal_text_textcontentxml","publications_publication",0,"2","4","5"
"digipal_text_textcontentxml","annotations_graph",0,"1","2","6"
"digipal_text_textcontentxml","annotations_graph_positions",0,"1","2","7"
"digipal_text_textcontentxml","annotations_graphcomponent",0,"1","2","8"
"digipal_text_textcontentxml","annotations_graphcomponent_features",0,"1","2","9"
"digipal_text_textcontentxml","auth_group",0,"1","2","10"
"digipal_text_textcontentxmlcopy","manuscripts_imagetext",0,"4","8","1"
"digipal_text_textcontentxmlcopy","manuscripts_historicalitemdescription",0,"3","6","2"
"digipal_text_textcontentxmlcopy","publications_comment",0,"2","4","3"
"digipal_text_textcontentxmlcopy","publications_event",0,"2","4","4"
"digipal_text_textcontentxmlcopy","publications_publication",0,"2","4","5"
"digipal_text_textcontentxmlcopy","annotations_graph",0,"1","2","6"
"digipal_text_textcontentxmlcopy","annotations_graph_positions",0,"1","2","7"
"digipal_text_textcontentxmlcopy","annotations_graphcomponent",0,"1","2","8"
"digipal_text_textcontentxmlcopy","annotations_graphcomponent_features",0,"1","2","9"
"digipal_text_textcontentxmlcopy","auth_group",0,"1","2","10"
"digipal_text_textcontentxmlstatus","manuscripts_imagetext",0,"3","6","1"
"digipal_text_textcontentxmlstatus","publications_tagulous_publication_keywords",0,"3","6","2"
"digipal_text_textcontentxmlstatus","auth_group",0,"2","4","3"
"digipal_text_textcontentxmlstatus","auth_permission",0,"2","4","4"
"digipal_text_textcontentxmlstatus","django_migrations",0,"2","4","5"
"digipal_text_textcontentxmlstatus","manuscripts_bibliographicsource",0,"2","4","6"
"digipal_text_textcontentxmlstatus","manuscripts_itemformat",0,"2","4","7"
"digipal_text_textcontentxmlstatus","manuscripts_repository",0,"2","4","8"
"digipal_text_textcontentxmlstatus","publications_event",0,"2","4","9"
"digipal_text_textcontentxmlstatus","publications_publication",0,"2","4","10"
"digipal_text_textpattern","manuscripts_imagetext",0,"3","6","1"
"digipal_text_textpattern","authtoken_token",0,"2","4","2"
"digipal_text_textpattern","manuscripts_currentitem",0,"2","4","3"
"digipal_text_textpattern","publications_carouselitem",0,"2","4","4"
"digipal_text_textpattern","publications_event",0,"2","4","5"
"digipal_text_textpattern","publications_publication",0,"2","4","6"
"digipal_text_textpattern","scribes_hand",0,"2","4","7"
"digipal_text_textpattern","annotations_graph",0,"1","2","8"
"digipal_text_textpattern","annotations_graph_positions",0,"1","2","9"
"digipal_text_textpattern","annotations_graphcomponent",0,"1","2","10"
"django_admin_log","django_admin_log",100,"8","116","1"
"django_admin_log","auth_permission",0,"2","4","2"
"django_admin_log","auth_user_groups",0,"2","4","3"
"django_admin_log","auth_user_user_permissions",0,"2","4","4"
"django_admin_log","annotations_graph",0,"1","2","5"
"django_admin_log","annotations_graph_positions",0,"1","2","6"
"django_admin_log","annotations_graphcomponent",0,"1","2","7"
"django_admin_log","annotations_graphcomponent_features",0,"1","2","8"
"django_admin_log","auth_group",0,"1","2","9"
"django_admin_log","auth_group_permissions",0,"1","2","10"
"django_comment_flags","publications_comment",60,"1","62","1"
"django_comment_flags","auth_user_groups",0,"2","4","2"
"django_comment_flags","auth_user_user_permissions",0,"2","4","3"
"django_comment_flags","django_admin_log",0,"2","4","4"
"django_comment_flags","annotations_graph",0,"1","2","5"
"django_comment_flags","annotations_graph_positions",0,"1","2","6"
"django_comment_flags","annotations_graphcomponent",0,"1","2","7"
"django_comment_flags","annotations_graphcomponent_features",0,"1","2","8"
"django_comment_flags","auth_group",0,"1","2","9"
"django_comment_flags","auth_group_permissions",0,"1","2","10"
"django_comments","publications_comment",60,"1","62","1"
"django_comments","django_admin_log",0,"3","6","2"
"django_comments","auth_permission",0,"2","4","3"
"django_comments","auth_user_groups",0,"2","4","4"
"django_comments","auth_user_user_permissions",0,"2","4","5"
"django_comments","annotations_graph",0,"1","2","6"
"django_comments","annotations_graph_positions",0,"1","2","7"
"django_comments","annotations_graphcomponent",0,"1","2","8"
"django_comments","annotations_graphcomponent_features",0,"1","2","9"
"django_comments","auth_group",0,"1","2","10"
"django_content_type","django_content_type",100,"3","106","1"
"django_content_type","annotations_graph",0,"1","2","2"
"django_content_type","annotations_graph_positions",0,"1","2","3"
"django_content_type","annotations_graphcomponent",0,"1","2","4"
"django_content_type","annotations_graphcomponent_features",0,"1","2","5"
"django_content_type","auth_group",0,"1","2","6"
"django_content_type","auth_group_permissions",0,"1","2","7"
"django_content_type","auth_permission",0,"1","2","8"
"django_content_type","auth_user",0,"1","2","9"
"django_content_type","auth_user_groups",0,"1","2","10"
"django_migrations","django_migrations",100,"4","108","1"
"django_migrations","auth_group",0,"2","4","2"
"django_migrations","auth_permission",0,"2","4","3"
"django_migrations","manuscripts_bibliographicsource",0,"2","4","4"
"django_migrations","manuscripts_itemformat",0,"2","4","5"
"django_migrations","manuscripts_repository",0,"2","4","6"
"django_migrations","publications_tagulous_publication_keywords",0,"2","4","7"
"django_migrations","scribes_hand",0,"2","4","8"
"django_migrations","scribes_scribe",0,"2","4","9"
"django_migrations","scribes_script",0,"2","4","10"
"django_redirect","annotations_graph",0,"1","2","1"
"django_redirect","annotations_graph_positions",0,"1","2","2"
"django_redirect","annotations_graphcomponent",0,"1","2","3"
"django_redirect","annotations_graphcomponent_features",0,"1","2","4"
"django_redirect","auth_group",0,"1","2","5"
"django_redirect","auth_group_permissions",0,"1","2","6"
"django_redirect","auth_permission",0,"1","2","7"
"django_redirect","auth_user",0,"1","2","8"
"django_redirect","auth_user_groups",0,"1","2","9"
"django_redirect","auth_user_user_permissions",0,"1","2","10"
"django_session","django_session",100,"3","106","1"
"django_site","auth_group",0,"2","4","1"
"django_site","auth_permission",0,"2","4","2"
"django_site","django_migrations",0,"2","4","3"
"django_site","manuscripts_bibliographicsource",0,"2","4","4"
"django_site","manuscripts_itemformat",0,"2","4","5"
"django_site","manuscripts_repository",0,"2","4","6"
"django_site","publications_tagulous_publication_keywords",0,"2","4","7"
"django_site","scribes_hand",0,"2","4","8"
"django_site","scribes_scribe",0,"2","4","9"
"django_site","scribes_script",0,"2","4","10"
"forms_field","manuscripts_bibliographicsource",0,"2","4","1"
"forms_field","manuscripts_repository",0,"2","4","2"
"forms_field","annotations_graph",0,"1","2","3"
"forms_field","annotations_graph_positions",0,"1","2","4"
"forms_field","annotations_graphcomponent",0,"1","2","5"
"forms_field","annotations_graphcomponent_features",0,"1","2","6"
"forms_field","auth_group",0,"1","2","7"
"forms_field","auth_group_permissions",0,"1","2","8"
"forms_field","auth_permission",0,"1","2","9"
"forms_field","auth_user",0,"1","2","10"
"forms_fieldentry","annotations_graph",0,"1","2","1"
"forms_fieldentry","annotations_graph_positions",0,"1","2","2"
"forms_fieldentry","annotations_graphcomponent",0,"1","2","3"
"forms_fieldentry","annotations_graphcomponent_features",0,"1","2","4"
"forms_fieldentry","auth_group",0,"1","2","5"
"forms_fieldentry","auth_group_permissions",0,"1","2","6"
"forms_fieldentry","auth_permission",0,"1","2","7"
"forms_fieldentry","auth_user",0,"1","2","8"
"forms_fieldentry","auth_user_groups",0,"1","2","9"
"forms_fieldentry","auth_user_user_permissions",0,"1","2","10"
"forms_form","manuscripts_itemformat",60,"0","60","1"
"forms_form","manuscripts_historicalitemdescription",0,"1","2","2"
"forms_form","manuscripts_imagetext",0,"1","2","3"
"forms_form","publications_comment",0,"1","2","4"
"forms_form","publications_event",0,"1","2","5"
"forms_form","publications_publication",0,"1","2","6"
"forms_formentry","annotations_graph",0,"1","2","1"
"forms_formentry","annotations_graph_positions",0,"1","2","2"
"forms_formentry","annotations_graphcomponent",0,"1","2","3"
"forms_formentry","annotations_graphcomponent_features",0,"1","2","4"
"forms_formentry","auth_group",0,"1","2","5"
"forms_formentry","auth_group_permissions",0,"1","2","6"
"forms_formentry","auth_permission",0,"1","2","7"
"forms_formentry","auth_user",0,"1","2","8"
"forms_formentry","auth_user_groups",0,"1","2","9"
"forms_formentry","auth_user_user_permissions",0,"1","2","10"
"galleries_gallery","manuscripts_historicalitemdescription",0,"1","2","1"
"galleries_gallery","manuscripts_imagetext",0,"1","2","2"
"galleries_gallery","publications_comment",0,"1","2","3"
"galleries_gallery","publications_event",0,"1","2","4"
"galleries_gallery","publications_publication",0,"1","2","5"
"galleries_galleryimage","manuscripts_currentitem",0,"2","4","1"
"galleries_galleryimage","scribes_hand",0,"2","4","2"
"galleries_galleryimage","annotations_graph",0,"1","2","3"
"galleries_galleryimage","annotations_graph_positions",0,"1","2","4"
"galleries_galleryimage","annotations_graphcomponent",0,"1","2","5"
"galleries_galleryimage","annotations_graphcomponent_features",0,"1","2","6"
"galleries_galleryimage","auth_group",0,"1","2","7"
"galleries_galleryimage","auth_group_permissions",0,"1","2","8"
"galleries_galleryimage","auth_permission",0,"1","2","9"
"galleries_galleryimage","auth_user",0,"1","2","10"
"generic_assignedkeyword","auth_permission",0,"2","4","1"
"generic_assignedkeyword","django_admin_log",0,"2","4","2"
"generic_assignedkeyword","annotations_graph",0,"1","2","3"
"generic_assignedkeyword","annotations_graph_positions",0,"1","2","4"
"generic_assignedkeyword","annotations_graphcomponent",0,"1","2","5"
"generic_assignedkeyword","annotations_graphcomponent_features",0,"1","2","6"
"generic_assignedkeyword","auth_group",0,"1","2","7"
"generic_assignedkeyword","auth_group_permissions",0,"1","2","8"
"generic_assignedkeyword","auth_user",0,"1","2","9"
"generic_assignedkeyword","auth_user_groups",0,"1","2","10"
"generic_keyword","publications_tagulous_publication_keywords",60,"2","64","1"
"generic_keyword","publications_publication_keywords",60,"1","62","2"
"generic_keyword","publications_event",0,"3","6","3"
"generic_keyword","publications_publication",0,"3","6","4"
"generic_keyword","publications_carouselitem",0,"2","4","5"
"generic_keyword","annotations_graph",0,"1","2","6"
"generic_keyword","annotations_graph_positions",0,"1","2","7"
"generic_keyword","annotations_graphcomponent",0,"1","2","8"
"generic_keyword","annotations_graphcomponent_features",0,"1","2","9"
"generic_keyword","auth_group",0,"1","2","10"
"generic_rating","django_admin_log",0,"3","6","1"
"generic_rating","auth_permission",0,"2","4","2"
"generic_rating","auth_user_groups",0,"2","4","3"
"generic_rating","auth_user_user_permissions",0,"2","4","4"
"generic_rating","annotations_graph",0,"1","2","5"
"generic_rating","annotations_graph_positions",0,"1","2","6"
"generic_rating","annotations_graphcomponent",0,"1","2","7"
"generic_rating","annotations_graphcomponent_features",0,"1","2","8"
"generic_rating","auth_group",0,"1","2","9"
"generic_rating","auth_group_permissions",0,"1","2","10"
"generic_threadedcomment","publications_comment",60,"0","60","1"
"manuscripts_repository","manuscripts_repository",100,"6","112","1"
"manuscripts_repository","manuscripts_bibliographicsource",0,"3","6","2"
"manuscripts_repository","scribes_hand",0,"3","6","3"
"manuscripts_repository","symbols_structure_character",0,"3","6","4"
"manuscripts_repository","auth_group",0,"2","4","5"
"manuscripts_repository","auth_permission",0,"2","4","6"
"manuscripts_repository","django_migrations",0,"2","4","7"
"manuscripts_repository","manuscripts_cataloguenumber",0,"2","4","8"
"manuscripts_repository","manuscripts_historicalitem",0,"2","4","9"
"manuscripts_repository","manuscripts_imagetext",0,"2","4","10"
"pages_page","publications_publication",0,"4","8","1"
"pages_page","manuscripts_imagetext",0,"3","6","2"
"pages_page","publications_event",0,"3","6","3"
"pages_page","manuscripts_currentitem",0,"2","4","4"
"pages_page","publications_carouselitem",0,"2","4","5"
"pages_page","publications_tagulous_publication_keywords",0,"2","4","6"
"pages_page","scribes_hand",0,"2","4","7"
"pages_page","annotations_graph",0,"1","2","8"
"pages_page","annotations_graph_positions",0,"1","2","9"
"pages_page","annotations_graphcomponent",0,"1","2","10"
"pages_richtextpage","manuscripts_historicalitemdescription",0,"1","2","1"
"pages_richtextpage","manuscripts_imagetext",0,"1","2","2"
"pages_richtextpage","publications_comment",0,"1","2","3"
"pages_richtextpage","publications_event",0,"1","2","4"
"pages_richtextpage","publications_publication",0,"1","2","5"
"reversion_revision","auth_user_groups",0,"2","4","1"
"reversion_revision","auth_user_user_permissions",0,"2","4","2"
"reversion_revision","django_admin_log",0,"2","4","3"
"reversion_revision","annotations_graph",0,"1","2","4"
"reversion_revision","annotations_graph_positions",0,"1","2","5"
"reversion_revision","annotations_graphcomponent",0,"1","2","6"
"reversion_revision","annotations_graphcomponent_features",0,"1","2","7"
"reversion_revision","auth_group",0,"1","2","8"
"reversion_revision","auth_group_permissions",0,"1","2","9"
"reversion_revision","auth_permission",0,"1","2","10"
"reversion_version","django_admin_log",0,"4","8","1"
"reversion_version","auth_permission",0,"2","4","2"
"reversion_version","annotations_graph",0,"1","2","3"
"reversion_version","annotations_graph_positions",0,"1","2","4"
"reversion_version","annotations_graphcomponent",0,"1","2","5"
"reversion_version","annotations_graphcomponent_features",0,"1","2","6"
"reversion_version","auth_group",0,"1","2","7"
"reversion_version","auth_group_permissions",0,"1","2","8"
"reversion_version","auth_user",0,"1","2","9"
"reversion_version","auth_user_groups",0,"1","2","10"
"south_migrationhistory","django_migrations",0,"2","4","1"
"south_migrationhistory","annotations_graph",0,"1","2","2"
"south_migrationhistory","annotations_graph_positions",0,"1","2","3"
"south_migrationhistory","annotations_graphcomponent",0,"1","2","4"
"south_migrationhistory","annotations_graphcomponent_features",0,"1","2","5"
"south_migrationhistory","auth_group",0,"1","2","6"
"south_migrationhistory","auth_group_permissions",0,"1","2","7"
"south_migrationhistory","auth_permission",0,"1","2","8"
"south_migrationhistory","auth_user",0,"1","2","9"
"south_migrationhistory","auth_user_groups",0,"1","2","10"
"twitter_query","manuscripts_historicalitem",0,"2","4","1"
"twitter_query","manuscripts_imagetext",0,"2","4","2"
"twitter_query","manuscripts_repository",0,"2","4","3"
"twitter_query","symbols_structure_character",0,"2","4","4"
"twitter_query","annotations_graph",0,"1","2","5"
"twitter_query","annotations_graph_positions",0,"1","2","6"
"twitter_query","annotations_graphcomponent",0,"1","2","7"
"twitter_query","annotations_graphcomponent_features",0,"1","2","8"
"twitter_query","auth_group",0,"1","2","9"
"twitter_query","auth_group_permissions",0,"1","2","10"
"twitter_tweet","publications_comment",0,"2","4","1"
"twitter_tweet","publications_event",0,"2","4","2"
"twitter_tweet","publications_publication",0,"2","4","3"
"twitter_tweet","annotations_graph",0,"1","2","4"
"twitter_tweet","annotations_graph_positions",0,"1","2","5"
"twitter_tweet","annotations_graphcomponent",0,"1","2","6"
"twitter_tweet","annotations_graphcomponent_features",0,"1","2","7"
"twitter_tweet","auth_group",0,"1","2","8"
"twitter_tweet","auth_group_permissions",0,"1","2","9"
"twitter_tweet","auth_permission",0,"1","2","10"
